month,item_name,sort_date,total_revenue,units_sold,avg_price
2020 Dec,#IamRemarkable Journal,2020-11-30 16:00:00+00:00,458.0,62.0,7.387096774193548
2020 Dec,#IamRemarkable Ladies T-Shirt,2020-11-30 16:00:00+00:00,104.0,10.0,10.4
2020 Dec,#IamRemarkable Lapel Pin,2020-11-30 16:00:00+00:00,87.0,32.0,2.71875
2020 Dec,#IamRemarkable Pen,2020-11-30 16:00:00+00:00,51.0,3.0,17.0
2020 Dec,#IamRemarkable Tote,2020-11-30 16:00:00+00:00,18.0,3.0,6.0
2020 Dec,#IamRemarkable Unisex Hoodie,2020-11-30 16:00:00+00:00,784.0,29.0,27.03448275862069
2020 Dec,#IamRemarkable Unisex T-Shirt,2020-11-30 16:00:00+00:00,426.0,41.0,10.390243902439025
2020 Dec,#IamRemarkable Water Bottle,2020-11-30 16:00:00+00:00,279.0,23.0,12.130434782608695
2020 Dec,Android Buoy Bottle,2020-11-30 16:00:00+00:00,306.0,74.0,4.135135135135135
2020 Dec,Android Garden Tee Orange,2020-11-30 16:00:00+00:00,164.0,10.0,16.4
2020 Dec,Android Geek Pin,2020-11-30 16:00:00+00:00,56.0,13.0,4.3076923076923075
2020 Dec,Android Hipster Pin,2020-11-30 16:00:00+00:00,50.0,12.0,4.166666666666667
2020 Dec,Android Iconic 4&quot; Decal,2020-11-30 16:00:00+00:00,12.0,8.0,1.5
2020 Dec,Android Iconic Backpack,2020-11-30 16:00:00+00:00,400.0,20.0,20.0
2020 Dec,Android Iconic Beanie,2020-11-30 16:00:00+00:00,166.0,18.0,9.222222222222221
2020 Dec,Android Iconic Crewneck Sweatshirt,2020-11-30 16:00:00+00:00,2849.0,62.0,45.95161290322581
2020 Dec,Android Iconic Glass Bottle Green,2020-11-30 16:00:00+00:00,329.0,25.0,13.16
2020 Dec,Android Iconic Hat Black,2020-11-30 16:00:00+00:00,199.0,21.0,9.476190476190476
2020 Dec,Android Iconic Hat Green,2020-11-30 16:00:00+00:00,94.0,7.0,13.428571428571429
2020 Dec,Android Iconic Hat White,2020-11-30 16:00:00+00:00,136.0,10.0,13.6
2020 Dec,Android Iconic Mug Gray,2020-11-30 16:00:00+00:00,292.0,20.0,14.6
2020 Dec,Android Iconic Notebook,2020-11-30 16:00:00+00:00,482.0,34.0,14.176470588235293
2020 Dec,Android Iconic Pen,2020-11-30 16:00:00+00:00,51.0,43.0,1.186046511627907
2020 Dec,Android Iconic Pin,2020-11-30 16:00:00+00:00,25.0,7.0,3.5714285714285716
2020 Dec,Android Iconic Socks,2020-11-30 16:00:00+00:00,160.0,11.0,14.545454545454545
2020 Dec,Android Iconic Sticker Sheet,2020-11-30 16:00:00+00:00,75.0,35.0,2.142857142857143
2020 Dec,Android Large Removable Sticker Sheet,2020-11-30 16:00:00+00:00,120.0,60.0,2.0
2020 Dec,Android Large Trace Journal Black,2020-11-30 16:00:00+00:00,20.0,3.0,6.666666666666667
2020 Dec,Android Lumberjack Pin,2020-11-30 16:00:00+00:00,112.0,27.0,4.148148148148148
2020 Dec,Android Pocket Onesie Navy,2020-11-30 16:00:00+00:00,276.0,14.0,19.714285714285715
2020 Dec,Android Pocket Tee Green,2020-11-30 16:00:00+00:00,397.0,17.0,23.352941176470587
2020 Dec,Android Pocket Tee Navy,2020-11-30 16:00:00+00:00,824.0,34.0,24.235294117647058
2020 Dec,Android Pocket Toddler Tee Navy,2020-11-30 16:00:00+00:00,334.0,18.0,18.555555555555557
2020 Dec,Android Pocket Youth Tee Green,2020-11-30 16:00:00+00:00,130.0,6.0,21.666666666666668
2020 Dec,Android Pocket Youth Tee Navy,2020-11-30 16:00:00+00:00,185.0,9.0,20.555555555555557
2020 Dec,Android SM S/F18 Sticker Sheet,2020-11-30 16:00:00+00:00,114.0,57.0,2.0
2020 Dec,Android Small Trace Journal Black,2020-11-30 16:00:00+00:00,42.0,8.0,5.25
2020 Dec,Android Super Hero 3D Framed Art,2020-11-30 16:00:00+00:00,228.0,14.0,16.285714285714285
2020 Dec,Android Techie 3D Framed Art,2020-11-30 16:00:00+00:00,284.0,17.0,16.705882352941178
2020 Dec,BLM Unisex Pullover Hoodie,2020-11-30 16:00:00+00:00,58.0,1.0,58.0
2020 Dec,Daddy Works at Google Book,2020-11-30 16:00:00+00:00,328.0,20.0,16.4
2020 Dec,Flamingo and Friends Tee Blue,2020-11-30 16:00:00+00:00,180.0,11.0,16.363636363636363
2020 Dec,Gift Card - $25.00,2020-11-30 16:00:00+00:00,1025.0,41.0,25.0
2020 Dec,Gift Card - $50.00,2020-11-30 16:00:00+00:00,200.0,4.0,50.0
2020 Dec,Google 16 oz Tumbler Blue,2020-11-30 16:00:00+00:00,323.0,32.0,10.09375
2020 Dec,Google 24 oz Ring Bottle Red,2020-11-30 16:00:00+00:00,136.0,22.0,6.181818181818182
2020 Dec,Google 24oz Ring Bottle Blue,2020-11-30 16:00:00+00:00,319.0,52.0,6.134615384615385
2020 Dec,Google Aluminum Bottle Red,2020-11-30 16:00:00+00:00,98.0,15.0,6.533333333333333
2020 Dec,Google ApPeel Journal Red,2020-11-30 16:00:00+00:00,507.0,33.0,15.363636363636363
2020 Dec,Google Austin Campus Bottle,2020-11-30 16:00:00+00:00,99.0,9.0,11.0
2020 Dec,Google Austin Campus Ladies Tee,2020-11-30 16:00:00+00:00,70.0,5.0,14.0
2020 Dec,Google Austin Campus Lapel Pin,2020-11-30 16:00:00+00:00,17.0,5.0,3.4
2020 Dec,Google Austin Campus Mug,2020-11-30 16:00:00+00:00,525.0,72.0,7.291666666666667
2020 Dec,Google Austin Campus Tote,2020-11-30 16:00:00+00:00,198.0,28.0,7.071428571428571
2020 Dec,Google Austin Campus Unisex Tee,2020-11-30 16:00:00+00:00,84.0,6.0,14.0
2020 Dec,Google Austin Campus Zip Hoodie,2020-11-30 16:00:00+00:00,480.0,15.0,32.0
2020 Dec,Google Badge Heavyweight Pullover Black,2020-11-30 16:00:00+00:00,2962.0,61.0,48.557377049180324
2020 Dec,Google Bear Baby Blanket Beige,2020-11-30 16:00:00+00:00,285.0,15.0,19.0
2020 Dec,Google Beekeepers Onesie Pink,2020-11-30 16:00:00+00:00,158.0,11.0,14.363636363636363
2020 Dec,Google Beekeepers Tee Mint,2020-11-30 16:00:00+00:00,340.0,24.0,14.166666666666666
2020 Dec,Google Beekeepers Toddler Tee Pink,2020-11-30 16:00:00+00:00,154.0,11.0,14.0
2020 Dec,Google Beekeepers Youth Tee Pink,2020-11-30 16:00:00+00:00,70.0,5.0,14.0
2020 Dec,Google Bellevue Campus Sticker,2020-11-30 16:00:00+00:00,9.0,9.0,1.0
2020 Dec,Google Black Cloud Zip Hoodie,2020-11-30 16:00:00+00:00,1540.0,28.0,55.0
2020 Dec,Google Black Cork Journal,2020-11-30 16:00:00+00:00,514.0,50.0,10.28
2020 Dec,Google Blue Kids Sunglasses,2020-11-30 16:00:00+00:00,166.0,39.0,4.256410256410256
2020 Dec,Google Blue Stojo Cup,2020-11-30 16:00:00+00:00,670.0,32.0,20.9375
2020 Dec,Google Blue YoYo,2020-11-30 16:00:00+00:00,53.0,15.0,3.533333333333333
2020 Dec,Google Bot,2020-11-30 16:00:00+00:00,340.0,42.0,8.095238095238095
2020 Dec,Google Bot (Multicolored),2020-11-30 16:00:00+00:00,222.0,27.0,8.222222222222221
2020 Dec,Google Bottle Cleaner,2020-11-30 16:00:00+00:00,8.0,1.0,8.0
2020 Dec,Google Boulder Campus Bottle,2020-11-30 16:00:00+00:00,11.0,1.0,11.0
2020 Dec,Google Boulder Campus Ladies Tee,2020-11-30 16:00:00+00:00,98.0,7.0,14.0
2020 Dec,Google Boulder Campus Lapel Pin,2020-11-30 16:00:00+00:00,16.0,5.0,3.2
2020 Dec,Google Boulder Campus Mug,2020-11-30 16:00:00+00:00,108.0,15.0,7.2
2020 Dec,Google Boulder Campus Sticker,2020-11-30 16:00:00+00:00,24.0,24.0,1.0
2020 Dec,Google Boulder Campus Tote,2020-11-30 16:00:00+00:00,18.0,3.0,6.0
2020 Dec,Google Boulder Campus Unisex Tee,2020-11-30 16:00:00+00:00,172.0,12.0,14.333333333333334
2020 Dec,Google Boulder Campus Zip Hoodie,2020-11-30 16:00:00+00:00,192.0,6.0,32.0
2020 Dec,Google Cambridge Campus Bottle,2020-11-30 16:00:00+00:00,11.0,1.0,11.0
2020 Dec,Google Cambridge Campus Ladies Tee,2020-11-30 16:00:00+00:00,18.0,1.0,18.0
2020 Dec,Google Cambridge Campus Lapel Pin,2020-11-30 16:00:00+00:00,3.0,1.0,3.0
2020 Dec,Google Cambridge Campus Mug,2020-11-30 16:00:00+00:00,149.0,21.0,7.095238095238095
2020 Dec,Google Cambridge Campus Sticker,2020-11-30 16:00:00+00:00,12.0,12.0,1.0
2020 Dec,Google Cambridge Campus Tote,2020-11-30 16:00:00+00:00,24.0,4.0,6.0
2020 Dec,Google Cambridge Campus Unisex Tee,2020-11-30 16:00:00+00:00,134.0,9.0,14.88888888888889
2020 Dec,Google Cambridge Campus Zip Hoodie,2020-11-30 16:00:00+00:00,475.0,14.0,33.92857142857143
2020 Dec,Google Camp Mug Gray,2020-11-30 16:00:00+00:00,1030.0,100.0,10.3
2020 Dec,Google Camp Mug Ivory,2020-11-30 16:00:00+00:00,1459.0,142.0,10.274647887323944
2020 Dec,Google Campus Bike,2020-11-30 16:00:00+00:00,1600.0,48.0,33.333333333333336
2020 Dec,Google Campus Bike Bottle,2020-11-30 16:00:00+00:00,516.0,23.0,22.434782608695652
2020 Dec,Google Campus Bike Carry Pouch,2020-11-30 16:00:00+00:00,50.0,8.0,6.25
2020 Dec,Google Campus Bike Corkbase Mug Blue,2020-11-30 16:00:00+00:00,14.0,1.0,14.0
2020 Dec,Google Campus Bike Eco Tee Navy,2020-11-30 16:00:00+00:00,345.0,17.0,20.294117647058822
2020 Dec,Google Campus Bike Grid Task Pad,2020-11-30 16:00:00+00:00,523.0,52.0,10.057692307692308
2020 Dec,Google Campus Bike Mini Backpack,2020-11-30 16:00:00+00:00,432.0,12.0,36.0
2020 Dec,Google Campus Bike Tote Navy,2020-11-30 16:00:00+00:00,303.0,33.0,9.181818181818182
2020 Dec,Google Canteen Bottle Black,2020-11-30 16:00:00+00:00,3530.0,180.0,19.61111111111111
2020 Dec,Google Chicago Campus Bottle,2020-11-30 16:00:00+00:00,127.0,11.0,11.545454545454545
2020 Dec,Google Chicago Campus Ladies Tee,2020-11-30 16:00:00+00:00,84.0,6.0,14.0
2020 Dec,Google Chicago Campus Lapel Pin,2020-11-30 16:00:00+00:00,9.0,3.0,3.0
2020 Dec,Google Chicago Campus Mug,2020-11-30 16:00:00+00:00,310.0,43.0,7.209302325581396
2020 Dec,Google Chicago Campus Tote,2020-11-30 16:00:00+00:00,48.0,8.0,6.0
2020 Dec,Google Chicago Campus Unisex Tee,2020-11-30 16:00:00+00:00,116.0,8.0,14.5
2020 Dec,Google Chicago Campus Zip Hoodie,2020-11-30 16:00:00+00:00,379.0,11.0,34.45454545454545
2020 Dec,Google Chrome Dinosaur Collectible,2020-11-30 16:00:00+00:00,684.0,27.0,25.333333333333332
2020 Dec,Google Clear Framed Blue Shades,2020-11-30 16:00:00+00:00,126.0,40.0,3.15
2020 Dec,Google Clear Framed Gray Shades,2020-11-30 16:00:00+00:00,63.0,19.0,3.3157894736842106
2020 Dec,Google Clear Framed Yellow Shades,2020-11-30 16:00:00+00:00,87.0,27.0,3.2222222222222223
2020 Dec,Google Clear Pen 4-Pack,2020-11-30 16:00:00+00:00,438.0,139.0,3.1510791366906474
2020 Dec,Google Cloth & Pouch Black,2020-11-30 16:00:00+00:00,51.0,16.0,3.1875
2020 Dec,Google Cloud Pen,2020-11-30 16:00:00+00:00,131.0,57.0,2.2982456140350878
2020 Dec,Google Confetti Accessory Pouch,2020-11-30 16:00:00+00:00,96.0,9.0,10.666666666666666
2020 Dec,Google Confetti Pen White,2020-11-30 16:00:00+00:00,24.0,18.0,1.3333333333333333
2020 Dec,Google Confetti Slim Task Pad,2020-11-30 16:00:00+00:00,64.0,21.0,3.0476190476190474
2020 Dec,Google Confetti Task Pad,2020-11-30 16:00:00+00:00,108.0,17.0,6.352941176470588
2020 Dec,Google Cork Base Tumbler,2020-11-30 16:00:00+00:00,462.0,21.0,22.0
2020 Dec,Google Cork Card Holder,2020-11-30 16:00:00+00:00,199.0,15.0,13.266666666666667
2020 Dec,Google Cork Journal,2020-11-30 16:00:00+00:00,128.0,18.0,7.111111111111111
2020 Dec,Google Cork Key Ring,2020-11-30 16:00:00+00:00,70.0,10.0,7.0
2020 Dec,Google Cork Passport Holder,2020-11-30 16:00:00+00:00,196.0,12.0,16.333333333333332
2020 Dec,Google Cork Pencil Pouch,2020-11-30 16:00:00+00:00,60.0,10.0,6.0
2020 Dec,Google Cork Tablet Case,2020-11-30 16:00:00+00:00,38.0,2.0,19.0
2020 Dec,Google Cotopaxi Shell,2020-11-30 16:00:00+00:00,884.0,23.0,38.43478260869565
2020 Dec,Google Crew Combed Cotton Sock,2020-11-30 16:00:00+00:00,939.0,66.0,14.227272727272727
2020 Dec,Google Crew Socks,2020-11-30 16:00:00+00:00,1183.0,88.0,13.443181818181818
2020 Dec,Google Crew Striped Athletic Sock,2020-11-30 16:00:00+00:00,642.0,45.0,14.266666666666667
2020 Dec,Google Crewneck Sweatshirt Green,2020-11-30 16:00:00+00:00,1595.0,34.0,46.911764705882355
2020 Dec,Google Crewneck Sweatshirt Grey,2020-11-30 16:00:00+00:00,2244.0,49.0,45.795918367346935
2020 Dec,Google Crewneck Sweatshirt Navy,2020-11-30 16:00:00+00:00,5665.0,124.0,45.685483870967744
2020 Dec,Google Cup Cap Tumbler Grey,2020-11-30 16:00:00+00:00,276.0,11.0,25.09090909090909
2020 Dec,Google Decal,2020-11-30 16:00:00+00:00,46.0,46.0,1.0
2020 Dec,Google Dino Game Tee,2020-11-30 16:00:00+00:00,1552.0,46.0,33.73913043478261
2020 Dec,Google Emoji Magnet Set,2020-11-30 16:00:00+00:00,210.0,24.0,8.75
2020 Dec,Google Emoji Sticker Pack,2020-11-30 16:00:00+00:00,228.0,54.0,4.222222222222222
2020 Dec,Google F/C Longsleeve Ash,2020-11-30 16:00:00+00:00,1758.0,71.0,24.760563380281692
2020 Dec,Google F/C Longsleeve Charcoal,2020-11-30 16:00:00+00:00,648.0,26.0,24.923076923076923
2020 Dec,Google Felt Luggage Tag,2020-11-30 16:00:00+00:00,64.0,10.0,6.4
2020 Dec,Google Felt Refillable Journal,2020-11-30 16:00:00+00:00,404.0,24.0,16.833333333333332
2020 Dec,Google Felt Strap Keyring,2020-11-30 16:00:00+00:00,82.0,8.0,10.25
2020 Dec,Google Flat Front Bag Grey,2020-11-30 16:00:00+00:00,1620.0,66.0,24.545454545454547
2020 Dec,Google Glass Bottle,2020-11-30 16:00:00+00:00,976.0,52.0,18.76923076923077
2020 Dec,Google Heather Green Speckled Tee,2020-11-30 16:00:00+00:00,468.0,19.0,24.63157894736842
2020 Dec,Google Heathered Pom Beanie,2020-11-30 16:00:00+00:00,1839.0,149.0,12.342281879194632
2020 Dec,Google Hemp Tote,2020-11-30 16:00:00+00:00,591.0,48.0,12.3125
2020 Dec,Google Incognito Dopp Kit V2,2020-11-30 16:00:00+00:00,684.0,18.0,38.0
2020 Dec,Google Incognito Flap Pack,2020-11-30 16:00:00+00:00,60.0,1.0,60.0
2020 Dec,Google Incognito Laptop Organizer,2020-11-30 16:00:00+00:00,528.0,11.0,48.0
2020 Dec,Google Incognito Messenger Bag,2020-11-30 16:00:00+00:00,465.0,7.0,66.42857142857143
2020 Dec,Google Incognito Techpack V2,2020-11-30 16:00:00+00:00,2790.0,36.0,77.5
2020 Dec,Google Incognito Zip Pack,2020-11-30 16:00:00+00:00,625.0,10.0,62.5
2020 Dec,Google Infant Hero Onesie Grey,2020-11-30 16:00:00+00:00,284.0,20.0,14.2
2020 Dec,Google Infant Hero Tee Olive,2020-11-30 16:00:00+00:00,326.0,23.0,14.173913043478262
2020 Dec,Google KeepCup,2020-11-30 16:00:00+00:00,959.0,34.0,28.205882352941178
2020 Dec,Google Keychain,2020-11-30 16:00:00+00:00,204.0,31.0,6.580645161290323
2020 Dec,Google Kirkland Campus Ladies Tee,2020-11-30 16:00:00+00:00,42.0,3.0,14.0
2020 Dec,Google Kirkland Campus Lapel Pin,2020-11-30 16:00:00+00:00,3.0,1.0,3.0
2020 Dec,Google Kirkland Campus Mug,2020-11-30 16:00:00+00:00,245.0,35.0,7.0
2020 Dec,Google Kirkland Campus Sticker,2020-11-30 16:00:00+00:00,8.0,8.0,1.0
2020 Dec,Google Kirkland Campus Unisex Tee,2020-11-30 16:00:00+00:00,256.0,18.0,14.222222222222221
2020 Dec,Google LA Campus Bottle,2020-11-30 16:00:00+00:00,55.0,5.0,11.0
2020 Dec,Google LA Campus Ladies Tee,2020-11-30 16:00:00+00:00,106.0,7.0,15.142857142857142
2020 Dec,Google LA Campus Lapel Pin,2020-11-30 16:00:00+00:00,19.0,6.0,3.1666666666666665
2020 Dec,Google LA Campus Mug,2020-11-30 16:00:00+00:00,245.0,34.0,7.205882352941177
2020 Dec,Google LA Campus Sticker,2020-11-30 16:00:00+00:00,38.0,38.0,1.0
2020 Dec,Google LA Campus Tote,2020-11-30 16:00:00+00:00,42.0,7.0,6.0
2020 Dec,Google LA Campus Unisex Tee,2020-11-30 16:00:00+00:00,270.0,19.0,14.210526315789474
2020 Dec,Google LA Campus Zip Hoodie,2020-11-30 16:00:00+00:00,507.0,15.0,33.8
2020 Dec,Google Land & Sea Cotton Cap,2020-11-30 16:00:00+00:00,1634.0,112.0,14.589285714285714
2020 Dec,Google Land & Sea French Terry Sweatshirt,2020-11-30 16:00:00+00:00,968.0,21.0,46.095238095238095
2020 Dec,Google Land & Sea Journal Set,2020-11-30 16:00:00+00:00,489.0,39.0,12.538461538461538
2020 Dec,Google Land & Sea Mug,2020-11-30 16:00:00+00:00,856.0,59.0,14.508474576271187
2020 Dec,Google Land & Sea Nalgene Water Bottle,2020-11-30 16:00:00+00:00,505.0,25.0,20.2
2020 Dec,Google Land & Sea Tech Taco,2020-11-30 16:00:00+00:00,78.0,24.0,3.25
2020 Dec,Google Land & Sea Tote Bag,2020-11-30 16:00:00+00:00,384.0,23.0,16.695652173913043
2020 Dec,Google Lapel Pin,2020-11-30 16:00:00+00:00,112.0,16.0,7.0
2020 Dec,Google Laptop Sleeve Charcoal,2020-11-30 16:00:00+00:00,72.0,4.0,18.0
2020 Dec,Google Laptop and Cell Phone Stickers,2020-11-30 16:00:00+00:00,693.0,255.0,2.7176470588235295
2020 Dec,Google Large Pet Collar (Blue/Green),2020-11-30 16:00:00+00:00,168.0,6.0,28.0
2020 Dec,Google Large Pet Collar (Red/Yellow),2020-11-30 16:00:00+00:00,56.0,2.0,28.0
2020 Dec,Google Large Pet Leash (Blue/Green),2020-11-30 16:00:00+00:00,175.0,6.0,29.166666666666668
2020 Dec,Google Large Pet Leash (Red/Yellow),2020-11-30 16:00:00+00:00,56.0,2.0,28.0
2020 Dec,Google Large Standard Journal Grey,2020-11-30 16:00:00+00:00,448.0,34.0,13.176470588235293
2020 Dec,Google Large Tote White,2020-11-30 16:00:00+00:00,598.0,58.0,10.310344827586206
2020 Dec,Google Large White Gift Bag 5/PK,2020-11-30 16:00:00+00:00,30.0,3.0,10.0
2020 Dec,Google Leather Strap Hat Blue,2020-11-30 16:00:00+00:00,665.0,46.0,14.456521739130435
2020 Dec,Google Light Pen Blue,2020-11-30 16:00:00+00:00,132.0,66.0,2.0
2020 Dec,Google Light Pen Green,2020-11-30 16:00:00+00:00,122.0,61.0,2.0
2020 Dec,Google Light Pen Red,2020-11-30 16:00:00+00:00,140.0,70.0,2.0
2020 Dec,Google LoveHandle Black,2020-11-30 16:00:00+00:00,234.0,28.0,8.357142857142858
2020 Dec,Google Magnet,2020-11-30 16:00:00+00:00,314.0,51.0,6.1568627450980395
2020 Dec,Google Maps Pin,2020-11-30 16:00:00+00:00,100.0,15.0,6.666666666666667
2020 Dec,Google Medium Pet Collar (Blue/Green),2020-11-30 16:00:00+00:00,112.0,4.0,28.0
2020 Dec,Google Medium Pet Collar (Red/Yellow),2020-11-30 16:00:00+00:00,56.0,2.0,28.0
2020 Dec,Google Medium Pet Leash (Blue/Green),2020-11-30 16:00:00+00:00,112.0,4.0,28.0
2020 Dec,Google Men's Puff Jacket Black,2020-11-30 16:00:00+00:00,3151.0,34.0,92.67647058823529
2020 Dec,Google Men's Softshell Moss,2020-11-30 16:00:00+00:00,1660.0,20.0,83.0
2020 Dec,Google Men's Tech Fleece Grey,2020-11-30 16:00:00+00:00,4138.0,56.0,73.89285714285714
2020 Dec,Google Men's Tech Fleece Vest Charcoal,2020-11-30 16:00:00+00:00,2930.0,46.0,63.69565217391305
2020 Dec,Google Mens Microfleece Jacket Black,2020-11-30 16:00:00+00:00,126.0,3.0,42.0
2020 Dec,Google Mesh Bag Blue,2020-11-30 16:00:00+00:00,118.0,23.0,5.130434782608695
2020 Dec,Google Mesh Bag Red,2020-11-30 16:00:00+00:00,60.0,12.0,5.0
2020 Dec,Google Metallic Notebook Set,2020-11-30 16:00:00+00:00,874.0,172.0,5.0813953488372094
2020 Dec,Google Mini Kick Ball,2020-11-30 16:00:00+00:00,10.0,5.0,2.0
2020 Dec,Google Mountain View Campus Ladies Tee,2020-11-30 16:00:00+00:00,168.0,12.0,14.0
2020 Dec,Google Mountain View Campus Unisex Tee,2020-11-30 16:00:00+00:00,14.0,1.0,14.0
2020 Dec,Google Mountain View Campus Zip Hoodie,2020-11-30 16:00:00+00:00,224.0,7.0,32.0
2020 Dec,Google Mouse Pad Navy,2020-11-30 16:00:00+00:00,169.0,41.0,4.121951219512195
2020 Dec,Google Mural Mug,2020-11-30 16:00:00+00:00,519.0,36.0,14.416666666666666
2020 Dec,Google Mural Notebook,2020-11-30 16:00:00+00:00,168.0,11.0,15.272727272727273
2020 Dec,Google Mural Socks,2020-11-30 16:00:00+00:00,348.0,29.0,12.0
2020 Dec,Google Mural Sticker Sheet,2020-11-30 16:00:00+00:00,110.0,48.0,2.2916666666666665
2020 Dec,Google Mural Sticky Note Pad,2020-11-30 16:00:00+00:00,389.0,34.0,11.441176470588236
2020 Dec,Google Mural Tote,2020-11-30 16:00:00+00:00,14.0,1.0,14.0
2020 Dec,Google NYC Campus Bottle,2020-11-30 16:00:00+00:00,187.0,17.0,11.0
2020 Dec,Google NYC Campus Ladies Tee,2020-11-30 16:00:00+00:00,228.0,16.0,14.25
2020 Dec,Google NYC Campus Lapel Pin,2020-11-30 16:00:00+00:00,37.0,12.0,3.0833333333333335
2020 Dec,Google NYC Campus Mug,2020-11-30 16:00:00+00:00,533.0,75.0,7.1066666666666665
2020 Dec,Google NYC Campus Sticker,2020-11-30 16:00:00+00:00,29.0,29.0,1.0
2020 Dec,Google NYC Campus Unisex Tee,2020-11-30 16:00:00+00:00,14.0,1.0,14.0
2020 Dec,Google NYC Campus Zip Hoodie,2020-11-30 16:00:00+00:00,2340.0,72.0,32.5
2020 Dec,Google Navy Speckled Tee,2020-11-30 16:00:00+00:00,1284.0,51.0,25.176470588235293
2020 Dec,Google PNW Campus Bottle,2020-11-30 16:00:00+00:00,242.0,22.0,11.0
2020 Dec,Google PNW Campus Ladies Tee,2020-11-30 16:00:00+00:00,28.0,2.0,14.0
2020 Dec,Google PNW Campus Lapel Pin,2020-11-30 16:00:00+00:00,15.0,5.0,3.0
2020 Dec,Google PNW Campus Mug,2020-11-30 16:00:00+00:00,260.0,36.0,7.222222222222222
2020 Dec,Google PNW Campus Tote,2020-11-30 16:00:00+00:00,50.0,8.0,6.25
2020 Dec,Google PNW Campus Unisex Tee,2020-11-30 16:00:00+00:00,144.0,10.0,14.4
2020 Dec,Google PNW Campus Zip Hoodie,2020-11-30 16:00:00+00:00,809.0,25.0,32.36
2020 Dec,Google Packable Bag Black,2020-11-30 16:00:00+00:00,952.0,59.0,16.135593220338983
2020 Dec,Google Pen Bright Blue,2020-11-30 16:00:00+00:00,47.0,34.0,1.3823529411764706
2020 Dec,Google Pen Citron,2020-11-30 16:00:00+00:00,63.0,63.0,1.0
2020 Dec,Google Pen Grass Green,2020-11-30 16:00:00+00:00,30.0,21.0,1.4285714285714286
2020 Dec,Google Pen Grey,2020-11-30 16:00:00+00:00,33.0,28.0,1.1785714285714286
2020 Dec,Google Pen Lilac,2020-11-30 16:00:00+00:00,41.0,28.0,1.4642857142857142
2020 Dec,Google Pen Neon Coral,2020-11-30 16:00:00+00:00,38.0,21.0,1.8095238095238095
2020 Dec,Google Pen Red,2020-11-30 16:00:00+00:00,32.0,25.0,1.28
2020 Dec,Google Pen White,2020-11-30 16:00:00+00:00,160.0,115.0,1.391304347826087
2020 Dec,Google Perk Thermal Tumbler,2020-11-30 16:00:00+00:00,1828.0,111.0,16.46846846846847
2020 Dec,Google Phone Stand Bamboo,2020-11-30 16:00:00+00:00,4.0,1.0,4.0
2020 Dec,Google Premium Sunglasses,2020-11-30 16:00:00+00:00,365.0,31.0,11.774193548387096
2020 Dec,Google Pride Sticker,2020-11-30 16:00:00+00:00,68.0,68.0,1.0
2020 Dec,Google Raincoat Navy,2020-11-30 16:00:00+00:00,1080.0,11.0,98.18181818181819
2020 Dec,Google Recycled Notebook Set Natural,2020-11-30 16:00:00+00:00,49.0,4.0,12.25
2020 Dec,Google Recycled Pen Black,2020-11-30 16:00:00+00:00,94.0,47.0,2.0
2020 Dec,Google Recycled Pen Green,2020-11-30 16:00:00+00:00,16.0,8.0,2.0
2020 Dec,Google Recycled Writing Set,2020-11-30 16:00:00+00:00,106.0,33.0,3.212121212121212
2020 Dec,Google Red Kids Sunglasses,2020-11-30 16:00:00+00:00,80.0,19.0,4.2105263157894735
2020 Dec,Google Red Speckled Tee,2020-11-30 16:00:00+00:00,2808.0,112.0,25.071428571428573
2020 Dec,Google Red YoYo,2020-11-30 16:00:00+00:00,59.0,19.0,3.1052631578947367
2020 Dec,Google SF Campus Bottle,2020-11-30 16:00:00+00:00,245.0,22.0,11.136363636363637
2020 Dec,Google SF Campus Ladies Tee,2020-11-30 16:00:00+00:00,148.0,10.0,14.8
2020 Dec,Google SF Campus Lapel Pin,2020-11-30 16:00:00+00:00,30.0,9.0,3.3333333333333335
2020 Dec,Google SF Campus Tote,2020-11-30 16:00:00+00:00,146.0,24.0,6.083333333333333
2020 Dec,Google SF Campus Unisex Tee,2020-11-30 16:00:00+00:00,74.0,5.0,14.8
2020 Dec,Google SF Campus Zip Hoodie,2020-11-30 16:00:00+00:00,836.0,25.0,33.44
2020 Dec,Google Seaport Tote,2020-11-30 16:00:00+00:00,1224.0,25.0,48.96
2020 Dec,Google Seattle Campus Ladies Tee,2020-11-30 16:00:00+00:00,28.0,2.0,14.0
2020 Dec,Google Seattle Campus Lapel Pin,2020-11-30 16:00:00+00:00,16.0,5.0,3.2
2020 Dec,Google Seattle Campus Mug,2020-11-30 16:00:00+00:00,595.0,84.0,7.083333333333333
2020 Dec,Google Seattle Campus Sticker,2020-11-30 16:00:00+00:00,42.0,42.0,1.0
2020 Dec,Google Seattle Campus Unisex Tee,2020-11-30 16:00:00+00:00,14.0,1.0,14.0
2020 Dec,Google See-No Hear-No Set,2020-11-30 16:00:00+00:00,206.0,20.0,10.3
2020 Dec,Google Sherpa Vest Black,2020-11-30 16:00:00+00:00,678.0,10.0,67.8
2020 Dec,Google Sherpa Zip Hoodie Charcoal,2020-11-30 16:00:00+00:00,1389.0,25.0,55.56
2020 Dec,Google Sherpa Zip Hoodie Navy,2020-11-30 16:00:00+00:00,495.0,9.0,55.0
2020 Dec,Google Small Cable Organizer Blue,2020-11-30 16:00:00+00:00,184.0,89.0,2.067415730337079
2020 Dec,Google Small White Gift Bag 5/PK,2020-11-30 16:00:00+00:00,40.0,6.0,6.666666666666667
2020 Dec,Google Soft Modal Scarf,2020-11-30 16:00:00+00:00,1098.0,28.0,39.214285714285715
2020 Dec,Google Speckled Beanie Grey,2020-11-30 16:00:00+00:00,1032.0,63.0,16.38095238095238
2020 Dec,Google Speckled Beanie Navy,2020-11-30 16:00:00+00:00,1560.0,91.0,17.142857142857142
2020 Dec,Google Split Seam Tee Olive,2020-11-30 16:00:00+00:00,173.0,8.0,21.625
2020 Dec,Google Summer19 Crew Grey,2020-11-30 16:00:00+00:00,296.0,8.0,37.0
2020 Dec,Google Sunglasses,2020-11-30 16:00:00+00:00,439.0,143.0,3.06993006993007
2020 Dec,Google Sunnyvale Campus Bottle,2020-11-30 16:00:00+00:00,88.0,8.0,11.0
2020 Dec,Google Sunnyvale Campus Ladies Tee,2020-11-30 16:00:00+00:00,172.0,12.0,14.333333333333334
2020 Dec,Google Sunnyvale Campus Mug,2020-11-30 16:00:00+00:00,177.0,25.0,7.08
2020 Dec,Google Sunnyvale Campus Sticker,2020-11-30 16:00:00+00:00,3.0,3.0,1.0
2020 Dec,Google Sunnyvale Campus Tote,2020-11-30 16:00:00+00:00,6.0,1.0,6.0
2020 Dec,Google Sunnyvale Campus Unisex Tee,2020-11-30 16:00:00+00:00,60.0,4.0,15.0
2020 Dec,Google Sunnyvale Campus Zip Hoodie,2020-11-30 16:00:00+00:00,416.0,13.0,32.0
2020 Dec,Google Super G Tumbler (Blue Lid),2020-11-30 16:00:00+00:00,44.0,2.0,22.0
2020 Dec,Google Super G Tumbler (Red Lid),2020-11-30 16:00:00+00:00,766.0,34.0,22.529411764705884
2020 Dec,Google Sustainable Pencil Pouch,2020-11-30 16:00:00+00:00,150.0,18.0,8.333333333333334
2020 Dec,Google Tech Taco,2020-11-30 16:00:00+00:00,4.0,1.0,4.0
2020 Dec,Google Tee Blue,2020-11-30 16:00:00+00:00,81.0,9.0,9.0
2020 Dec,Google Tee F/C Black,2020-11-30 16:00:00+00:00,12.0,1.0,12.0
2020 Dec,Google Tee Green,2020-11-30 16:00:00+00:00,83.0,9.0,9.222222222222221
2020 Dec,Google Tee Grey,2020-11-30 16:00:00+00:00,45.0,5.0,9.0
2020 Dec,Google Tee Mint Green,2020-11-30 16:00:00+00:00,60.0,4.0,15.0
2020 Dec,Google Tee Red,2020-11-30 16:00:00+00:00,83.0,9.0,9.222222222222221
2020 Dec,Google Tee Yellow,2020-11-30 16:00:00+00:00,139.0,15.0,9.266666666666667
2020 Dec,Google Thermal Tumbler Navy,2020-11-30 16:00:00+00:00,706.0,49.0,14.408163265306122
2020 Dec,Google Toddler FC Tee Charcoal,2020-11-30 16:00:00+00:00,670.0,33.0,20.303030303030305
2020 Dec,Google Toddler FC Zip Hoodie,2020-11-30 16:00:00+00:00,1253.0,44.0,28.477272727272727
2020 Dec,Google Toddler Hero Tee Black,2020-11-30 16:00:00+00:00,264.0,20.0,13.2
2020 Dec,Google Toddler Hero Tee Olive,2020-11-30 16:00:00+00:00,228.0,12.0,19.0
2020 Dec,Google Toddler Tee White,2020-11-30 16:00:00+00:00,376.0,19.0,19.789473684210527
2020 Dec,Google Tonal Tee Coral,2020-11-30 16:00:00+00:00,47.0,5.0,9.4
2020 Dec,Google Totepak,2020-11-30 16:00:00+00:00,95.0,5.0,19.0
2020 Dec,Google Tudes Recycled Tee,2020-11-30 16:00:00+00:00,306.0,12.0,25.5
2020 Dec,Google Unisex Eco Tee Black,2020-11-30 16:00:00+00:00,300.0,16.0,18.75
2020 Dec,Google Utensil Set,2020-11-30 16:00:00+00:00,318.0,25.0,12.72
2020 Dec,Google Utility BackPack,2020-11-30 16:00:00+00:00,2832.0,29.0,97.65517241379311
2020 Dec,Google Utility Bag Grey,2020-11-30 16:00:00+00:00,641.0,97.0,6.608247422680412
2020 Dec,Google Women's Black Tee,2020-11-30 16:00:00+00:00,39.0,3.0,13.0
2020 Dec,Google Women's Discovery Lt. Rain Shell,2020-11-30 16:00:00+00:00,98.0,2.0,49.0
2020 Dec,Google Women's Grid Zip-Up,2020-11-30 16:00:00+00:00,1715.0,33.0,51.96969696969697
2020 Dec,Google Women's Kirkland Pullover,2020-11-30 16:00:00+00:00,70.0,2.0,35.0
2020 Dec,Google Women's Microfleece Jacket Black,2020-11-30 16:00:00+00:00,1560.0,25.0,62.4
2020 Dec,Google Women's Pride Eco-Tee Black,2020-11-30 16:00:00+00:00,51.0,4.0,12.75
2020 Dec,Google Women's Puff Jacket Black,2020-11-30 16:00:00+00:00,2139.0,23.0,93.0
2020 Dec,Google Women's Softshell Moss,2020-11-30 16:00:00+00:00,711.0,9.0,79.0
2020 Dec,Google Women's Tech Fleece Grey,2020-11-30 16:00:00+00:00,142.0,2.0,71.0
2020 Dec,Google Woodtop Bottle Black,2020-11-30 16:00:00+00:00,1188.0,49.0,24.244897959183675
2020 Dec,Google Yellow YoYo,2020-11-30 16:00:00+00:00,40.0,13.0,3.076923076923077
2020 Dec,Google Youth Badge Tee Navy,2020-11-30 16:00:00+00:00,229.0,17.0,13.470588235294118
2020 Dec,Google Youth Badge Tee Olive,2020-11-30 16:00:00+00:00,332.0,24.0,13.833333333333334
2020 Dec,Google Youth F/C Pullover Hoodie,2020-11-30 16:00:00+00:00,32.0,1.0,32.0
2020 Dec,Google Youth FC Longsleeve Charcoal,2020-11-30 16:00:00+00:00,258.0,10.0,25.8
2020 Dec,Google Youth FC Tee Charcoal,2020-11-30 16:00:00+00:00,270.0,13.0,20.76923076923077
2020 Dec,Google Youth Hero Tee Grey,2020-11-30 16:00:00+00:00,652.0,33.0,19.757575757575758
2020 Dec,Google Youth Hero Tee Maroon,2020-11-30 16:00:00+00:00,276.0,14.0,19.714285714285715
2020 Dec,Google Zip Hoodie F/C,2020-11-30 16:00:00+00:00,5496.0,110.0,49.96363636363636
2020 Dec,Keyboard DOT Sticker,2020-11-30 16:00:00+00:00,304.0,152.0,2.0
2020 Dec,Maze Pen,2020-11-30 16:00:00+00:00,154.0,154.0,1.0
2020 Dec,Mommy Works at Google Book,2020-11-30 16:00:00+00:00,204.0,12.0,17.0
2020 Dec,Mural Food Container,2020-11-30 16:00:00+00:00,231.0,7.0,33.0
2020 Dec,Noogler Android Figure,2020-11-30 16:00:00+00:00,910.0,67.0,13.582089552238806
2020 Dec,Snowflake Android Cardboard Sculpture,2020-11-30 16:00:00+00:00,80.0,10.0,8.0
2020 Dec,Stainless Bent Straw/Cleaner,2020-11-30 16:00:00+00:00,2.0,1.0,2.0
2020 Dec,Stainless Straight Straw/Cleaner,2020-11-30 16:00:00+00:00,69.0,21.0,3.2857142857142856
2020 Dec,Stan and Friends Onesie Green,2020-11-30 16:00:00+00:00,74.0,5.0,14.8
2020 Dec,Stan and Friends Tee Green,2020-11-30 16:00:00+00:00,70.0,5.0,14.0
2020 Dec,Stan and Friends Toddler Tee Green,2020-11-30 16:00:00+00:00,130.0,9.0,14.444444444444445
2020 Dec,Stan and Friends Youth Tee Green,2020-11-30 16:00:00+00:00,182.0,13.0,14.0
2020 Dec,Super G Unisex Joggers,2020-11-30 16:00:00+00:00,4730.0,153.0,30.915032679738562
2020 Dec,Supernatural Paper Backpack,2020-11-30 16:00:00+00:00,230.0,5.0,46.0
2020 Dec,Supernatural Paper Lunch Sack,2020-11-30 16:00:00+00:00,133.0,7.0,19.0
2020 Dec,Supernatural Paper Tote,2020-11-30 16:00:00+00:00,182.0,8.0,22.75
2020 Dec,Unisex Google Jumbo Print Tee White,2020-11-30 16:00:00+00:00,12.0,1.0,12.0
2020 Dec,Unisex Google Pocket Tee Grey,2020-11-30 16:00:00+00:00,312.0,18.0,17.333333333333332
2020 Dec,White Google Shoreline Bottle,2020-11-30 16:00:00+00:00,241.0,11.0,21.90909090909091
2020 Dec,Womens Google Striped LS,2020-11-30 16:00:00+00:00,676.0,41.0,16.48780487804878
2020 Dec,YouTube 25 oz Gear Cap Bottle Black,2020-11-30 16:00:00+00:00,98.0,4.0,24.5
2020 Dec,YouTube Crew Socks,2020-11-30 16:00:00+00:00,398.0,29.0,13.724137931034482
2020 Dec,YouTube Icon Tee Charcoal,2020-11-30 16:00:00+00:00,890.0,45.0,19.77777777777778
2020 Dec,YouTube Icon Tee Grey,2020-11-30 16:00:00+00:00,738.0,37.0,19.945945945945947
2020 Dec,YouTube Iconic Play Pin,2020-11-30 16:00:00+00:00,188.0,28.0,6.714285714285714
2020 Dec,YouTube Jotter Task Pad,2020-11-30 16:00:00+00:00,278.0,108.0,2.574074074074074
2020 Dec,YouTube Leather Strap Hat Black,2020-11-30 16:00:00+00:00,250.0,24.0,10.416666666666666
2020 Dec,YouTube Play Mug,2020-11-30 16:00:00+00:00,582.0,54.0,10.777777777777779
2020 Dec,YouTube Standards Zip Hoodie Black,2020-11-30 16:00:00+00:00,312.0,6.0,52.0
2020 Dec,YouTube Transmission Journal Red,2020-11-30 16:00:00+00:00,310.0,22.0,14.090909090909092
2020 Dec,YouTube Twill Sandwich Cap Black,2020-11-30 16:00:00+00:00,740.0,65.0,11.384615384615385
2020 Dec,YouTube Women's Favorite Tee White,2020-11-30 16:00:00+00:00,20.0,2.0,10.0
2020 Dec,Youth Jumbo Print Tee White,2020-11-30 16:00:00+00:00,110.0,7.0,15.714285714285714
2020 Nov,#IamRemarkable Journal,2020-10-31 16:00:00+00:00,88.0,14.0,6.285714285714286
2020 Nov,#IamRemarkable Ladies T-Shirt,2020-10-31 16:00:00+00:00,228.0,22.0,10.363636363636363
2020 Nov,#IamRemarkable Lapel Pin,2020-10-31 16:00:00+00:00,16.0,6.0,2.6666666666666665
2020 Nov,#IamRemarkable Pen,2020-10-31 16:00:00+00:00,62.0,4.0,15.5
2020 Nov,#IamRemarkable Tote,2020-10-31 16:00:00+00:00,22.0,3.0,7.333333333333333
2020 Nov,#IamRemarkable Unisex Hoodie,2020-10-31 16:00:00+00:00,162.0,6.0,27.0
2020 Nov,#IamRemarkable Unisex T-Shirt,2020-10-31 16:00:00+00:00,320.0,32.0,10.0
2020 Nov,#IamRemarkable Water Bottle,2020-10-31 16:00:00+00:00,189.0,15.0,12.6
2020 Nov,Android Buoy Bottle,2020-10-31 16:00:00+00:00,106.0,24.0,4.416666666666667
2020 Nov,Android Garden Tee Orange,2020-10-31 16:00:00+00:00,388.0,23.0,16.869565217391305
2020 Nov,Android Geek Pin,2020-10-31 16:00:00+00:00,6.0,1.0,6.0
2020 Nov,Android Hipster Pin,2020-10-31 16:00:00+00:00,32.0,6.0,5.333333333333333
2020 Nov,Android Iconic 4&quot; Decal,2020-10-31 16:00:00+00:00,12.0,10.0,1.2
2020 Nov,Android Iconic Backpack,2020-10-31 16:00:00+00:00,25.0,1.0,25.0
2020 Nov,Android Iconic Beanie,2020-10-31 16:00:00+00:00,84.0,10.0,8.4
2020 Nov,Android Iconic Crewneck Sweatshirt,2020-10-31 16:00:00+00:00,1309.0,29.0,45.13793103448276
2020 Nov,Android Iconic Glass Bottle Green,2020-10-31 16:00:00+00:00,138.0,10.0,13.8
2020 Nov,Android Iconic Hat Black,2020-10-31 16:00:00+00:00,67.0,7.0,9.571428571428571
2020 Nov,Android Iconic Hat Green,2020-10-31 16:00:00+00:00,271.0,19.0,14.263157894736842
2020 Nov,Android Iconic Hat White,2020-10-31 16:00:00+00:00,165.0,12.0,13.75
2020 Nov,Android Iconic Mug Gray,2020-10-31 16:00:00+00:00,267.0,18.0,14.833333333333334
2020 Nov,Android Iconic Notebook,2020-10-31 16:00:00+00:00,56.0,4.0,14.0
2020 Nov,Android Iconic Pen,2020-10-31 16:00:00+00:00,24.0,17.0,1.411764705882353
2020 Nov,Android Iconic Pin,2020-10-31 16:00:00+00:00,44.0,13.0,3.3846153846153846
2020 Nov,Android Iconic Socks,2020-10-31 16:00:00+00:00,188.0,13.0,14.461538461538462
2020 Nov,Android Iconic Sticker Sheet,2020-10-31 16:00:00+00:00,11.0,4.0,2.75
2020 Nov,Android Jotter Task Pad,2020-10-31 16:00:00+00:00,23.0,9.0,2.5555555555555554
2020 Nov,Android Large Removable Sticker Sheet,2020-10-31 16:00:00+00:00,116.0,58.0,2.0
2020 Nov,Android Large Trace Journal Black,2020-10-31 16:00:00+00:00,166.0,25.0,6.64
2020 Nov,Android Lumberjack Pin,2020-10-31 16:00:00+00:00,46.0,11.0,4.181818181818182
2020 Nov,Android Pocket Onesie Navy,2020-10-31 16:00:00+00:00,564.0,30.0,18.8
2020 Nov,Android Pocket Onesie White,2020-10-31 16:00:00+00:00,18.0,1.0,18.0
2020 Nov,Android Pocket Tee Green,2020-10-31 16:00:00+00:00,214.0,8.0,26.75
2020 Nov,Android Pocket Tee Navy,2020-10-31 16:00:00+00:00,526.0,20.0,26.3
2020 Nov,Android Pocket Toddler Tee Navy,2020-10-31 16:00:00+00:00,167.0,9.0,18.555555555555557
2020 Nov,Android Pocket Toddler Tee White,2020-10-31 16:00:00+00:00,18.0,1.0,18.0
2020 Nov,Android Pocket Youth Tee Green,2020-10-31 16:00:00+00:00,70.0,3.0,23.333333333333332
2020 Nov,Android Pocket Youth Tee Navy,2020-10-31 16:00:00+00:00,110.0,5.0,22.0
2020 Nov,Android Puzzlebot v2,2020-10-31 16:00:00+00:00,119.0,8.0,14.875
2020 Nov,Android SM S/F18 Sticker Sheet,2020-10-31 16:00:00+00:00,192.0,96.0,2.0
2020 Nov,Android Small Trace Journal Black,2020-10-31 16:00:00+00:00,96.0,18.0,5.333333333333333
2020 Nov,Android Super Hero 3D Framed Art,2020-10-31 16:00:00+00:00,144.0,9.0,16.0
2020 Nov,Android Techie 3D Framed Art,2020-10-31 16:00:00+00:00,216.0,13.0,16.615384615384617
2020 Nov,BLM Unisex Pullover Hoodie,2020-10-31 16:00:00+00:00,46.0,1.0,46.0
2020 Nov,Candy Cane Android Cardboard Sculpture,2020-10-31 16:00:00+00:00,8.0,1.0,8.0
2020 Nov,Daddy Works at Google Book,2020-10-31 16:00:00+00:00,248.0,15.0,16.533333333333335
2020 Nov,Essential Canvas Tote,2020-10-31 16:00:00+00:00,457.0,18.0,25.38888888888889
2020 Nov,Flamingo and Friends Tee Blue,2020-10-31 16:00:00+00:00,128.0,8.0,16.0
2020 Nov,Gift Card - $25.00,2020-10-31 16:00:00+00:00,100.0,4.0,25.0
2020 Nov,Gift Card - $50.00,2020-10-31 16:00:00+00:00,50.0,1.0,50.0
2020 Nov,Google 16 oz Tumbler Blue,2020-10-31 16:00:00+00:00,262.0,22.0,11.909090909090908
2020 Nov,Google 24 oz Ring Bottle Red,2020-10-31 16:00:00+00:00,61.0,10.0,6.1
2020 Nov,Google 24oz Ring Bottle Blue,2020-10-31 16:00:00+00:00,544.0,90.0,6.044444444444444
2020 Nov,Google ApPeel Journal Red,2020-10-31 16:00:00+00:00,94.0,6.0,15.666666666666666
2020 Nov,Google Austin Campus Bottle,2020-10-31 16:00:00+00:00,149.0,13.0,11.461538461538462
2020 Nov,Google Austin Campus Ladies Tee,2020-10-31 16:00:00+00:00,28.0,2.0,14.0
2020 Nov,Google Austin Campus Lapel Pin,2020-10-31 16:00:00+00:00,16.0,5.0,3.2
2020 Nov,Google Austin Campus Mug,2020-10-31 16:00:00+00:00,223.0,31.0,7.193548387096774
2020 Nov,Google Austin Campus Tote,2020-10-31 16:00:00+00:00,34.0,5.0,6.8
2020 Nov,Google Austin Campus Unisex Tee,2020-10-31 16:00:00+00:00,18.0,1.0,18.0
2020 Nov,Google Austin Campus Zip Hoodie,2020-10-31 16:00:00+00:00,256.0,8.0,32.0
2020 Nov,Google Badge Heavyweight Pullover Black,2020-10-31 16:00:00+00:00,6084.0,126.0,48.285714285714285
2020 Nov,Google Bear Baby Blanket Beige,2020-10-31 16:00:00+00:00,437.0,23.0,19.0
2020 Nov,Google Beekeepers Onesie Pink,2020-10-31 16:00:00+00:00,154.0,11.0,14.0
2020 Nov,Google Beekeepers Tee Mint,2020-10-31 16:00:00+00:00,204.0,14.0,14.571428571428571
2020 Nov,Google Beekeepers Toddler Tee Pink,2020-10-31 16:00:00+00:00,56.0,4.0,14.0
2020 Nov,Google Beekeepers Youth Tee Pink,2020-10-31 16:00:00+00:00,56.0,4.0,14.0
2020 Nov,Google Bellevue Campus Sticker,2020-10-31 16:00:00+00:00,20.0,20.0,1.0
2020 Nov,Google Black Cork Journal,2020-10-31 16:00:00+00:00,444.0,44.0,10.090909090909092
2020 Nov,Google Blue Kids Sunglasses,2020-10-31 16:00:00+00:00,46.0,11.0,4.181818181818182
2020 Nov,Google Blue Stojo Cup,2020-10-31 16:00:00+00:00,400.0,19.0,21.05263157894737
2020 Nov,Google Blue YoYo,2020-10-31 16:00:00+00:00,58.0,17.0,3.411764705882353
2020 Nov,Google Bot,2020-10-31 16:00:00+00:00,168.0,20.0,8.4
2020 Nov,Google Bottle Cleaner,2020-10-31 16:00:00+00:00,32.0,4.0,8.0
2020 Nov,Google Boulder Campus Bottle,2020-10-31 16:00:00+00:00,33.0,3.0,11.0
2020 Nov,Google Boulder Campus Ladies Tee,2020-10-31 16:00:00+00:00,64.0,4.0,16.0
2020 Nov,Google Boulder Campus Mug,2020-10-31 16:00:00+00:00,116.0,16.0,7.25
2020 Nov,Google Boulder Campus Sticker,2020-10-31 16:00:00+00:00,23.0,23.0,1.0
2020 Nov,Google Boulder Campus Tote,2020-10-31 16:00:00+00:00,18.0,3.0,6.0
2020 Nov,Google Boulder Campus Unisex Tee,2020-10-31 16:00:00+00:00,98.0,7.0,14.0
2020 Nov,Google Boulder Campus Zip Hoodie,2020-10-31 16:00:00+00:00,352.0,11.0,32.0
2020 Nov,Google Cambridge Campus Bottle,2020-10-31 16:00:00+00:00,33.0,3.0,11.0
2020 Nov,Google Cambridge Campus Ladies Tee,2020-10-31 16:00:00+00:00,46.0,3.0,15.333333333333334
2020 Nov,Google Cambridge Campus Mug,2020-10-31 16:00:00+00:00,153.0,21.0,7.285714285714286
2020 Nov,Google Cambridge Campus Sticker,2020-10-31 16:00:00+00:00,27.0,27.0,1.0
2020 Nov,Google Cambridge Campus Tote,2020-10-31 16:00:00+00:00,6.0,1.0,6.0
2020 Nov,Google Cambridge Campus Unisex Tee,2020-10-31 16:00:00+00:00,28.0,2.0,14.0
2020 Nov,Google Cambridge Campus Zip Hoodie,2020-10-31 16:00:00+00:00,128.0,4.0,32.0
2020 Nov,Google Camp Mug Gray,2020-10-31 16:00:00+00:00,262.0,25.0,10.48
2020 Nov,Google Camp Mug Ivory,2020-10-31 16:00:00+00:00,1551.0,144.0,10.770833333333334
2020 Nov,Google Campus Bike,2020-10-31 16:00:00+00:00,1624.0,49.0,33.142857142857146
2020 Nov,Google Campus Bike Bottle,2020-10-31 16:00:00+00:00,274.0,12.0,22.833333333333332
2020 Nov,Google Campus Bike Carry Pouch,2020-10-31 16:00:00+00:00,152.0,24.0,6.333333333333333
2020 Nov,Google Campus Bike Corkbase Mug Blue,2020-10-31 16:00:00+00:00,579.0,39.0,14.846153846153847
2020 Nov,Google Campus Bike Eco Tee Navy,2020-10-31 16:00:00+00:00,710.0,34.0,20.88235294117647
2020 Nov,Google Campus Bike Grid Task Pad,2020-10-31 16:00:00+00:00,163.0,16.0,10.1875
2020 Nov,Google Campus Bike Mini Backpack,2020-10-31 16:00:00+00:00,448.0,14.0,32.0
2020 Nov,Google Campus Bike Tote Navy,2020-10-31 16:00:00+00:00,238.0,26.0,9.153846153846153
2020 Nov,Google Canteen Bottle Black,2020-10-31 16:00:00+00:00,1128.0,57.0,19.789473684210527
2020 Nov,Google Chicago Campus Bottle,2020-10-31 16:00:00+00:00,124.0,11.0,11.272727272727273
2020 Nov,Google Chicago Campus Ladies Tee,2020-10-31 16:00:00+00:00,84.0,6.0,14.0
2020 Nov,Google Chicago Campus Lapel Pin,2020-10-31 16:00:00+00:00,3.0,1.0,3.0
2020 Nov,Google Chicago Campus Mug,2020-10-31 16:00:00+00:00,177.0,25.0,7.08
2020 Nov,Google Chicago Campus Tote,2020-10-31 16:00:00+00:00,18.0,3.0,6.0
2020 Nov,Google Chicago Campus Unisex Tee,2020-10-31 16:00:00+00:00,112.0,8.0,14.0
2020 Nov,Google Chicago Campus Zip Hoodie,2020-10-31 16:00:00+00:00,224.0,7.0,32.0
2020 Nov,Google Chrome Dinosaur Collectible,2020-10-31 16:00:00+00:00,540.0,21.0,25.714285714285715
2020 Nov,Google Clear Framed Blue Shades,2020-10-31 16:00:00+00:00,93.0,28.0,3.3214285714285716
2020 Nov,Google Clear Framed Gray Shades,2020-10-31 16:00:00+00:00,176.0,53.0,3.3207547169811322
2020 Nov,Google Clear Framed Yellow Shades,2020-10-31 16:00:00+00:00,202.0,56.0,3.607142857142857
2020 Nov,Google Clear Pen 4-Pack,2020-10-31 16:00:00+00:00,1032.0,305.0,3.3836065573770493
2020 Nov,Google Cloth & Pouch Black,2020-10-31 16:00:00+00:00,28.0,9.0,3.111111111111111
2020 Nov,Google Color Block Notebook,2020-10-31 16:00:00+00:00,64.0,6.0,10.666666666666666
2020 Nov,Google Confetti Accessory Pouch,2020-10-31 16:00:00+00:00,30.0,3.0,10.0
2020 Nov,Google Confetti Pen White,2020-10-31 16:00:00+00:00,23.0,13.0,1.7692307692307692
2020 Nov,Google Confetti Slim Task Pad,2020-10-31 16:00:00+00:00,200.0,59.0,3.389830508474576
2020 Nov,Google Confetti Task Pad,2020-10-31 16:00:00+00:00,66.0,10.0,6.6
2020 Nov,Google Cork Base Tumbler,2020-10-31 16:00:00+00:00,430.0,19.0,22.63157894736842
2020 Nov,Google Cork Card Holder,2020-10-31 16:00:00+00:00,103.0,7.0,14.714285714285714
2020 Nov,Google Cork Journal,2020-10-31 16:00:00+00:00,63.0,9.0,7.0
2020 Nov,Google Cork Key Ring,2020-10-31 16:00:00+00:00,70.0,10.0,7.0
2020 Nov,Google Cork Passport Holder,2020-10-31 16:00:00+00:00,120.0,7.0,17.142857142857142
2020 Nov,Google Cork Pencil Pouch,2020-10-31 16:00:00+00:00,144.0,20.0,7.2
2020 Nov,Google Cork Tablet Case,2020-10-31 16:00:00+00:00,51.0,3.0,17.0
2020 Nov,Google Cotopaxi Shell,2020-10-31 16:00:00+00:00,1834.0,48.0,38.208333333333336
2020 Nov,Google Crew Combed Cotton Sock,2020-10-31 16:00:00+00:00,983.0,67.0,14.671641791044776
2020 Nov,Google Crew Socks,2020-10-31 16:00:00+00:00,1050.0,78.0,13.461538461538462
2020 Nov,Google Crew Striped Athletic Sock,2020-10-31 16:00:00+00:00,671.0,46.0,14.58695652173913
2020 Nov,Google Crewneck Sweatshirt Green,2020-10-31 16:00:00+00:00,3245.0,72.0,45.06944444444444
2020 Nov,Google Crewneck Sweatshirt Grey,2020-10-31 16:00:00+00:00,2035.0,45.0,45.22222222222222
2020 Nov,Google Crewneck Sweatshirt Navy,2020-10-31 16:00:00+00:00,4312.0,96.0,44.916666666666664
2020 Nov,Google Cup Cap Tumbler Grey,2020-10-31 16:00:00+00:00,402.0,16.0,25.125
2020 Nov,Google Decal,2020-10-31 16:00:00+00:00,243.0,243.0,1.0
2020 Nov,Google Dino Game Tee,2020-10-31 16:00:00+00:00,1384.0,41.0,33.75609756097561
2020 Nov,Google Emoji Magnet Set,2020-10-31 16:00:00+00:00,88.0,11.0,8.0
2020 Nov,Google Emoji Sticker Pack,2020-10-31 16:00:00+00:00,287.0,63.0,4.555555555555555
2020 Nov,Google F/C Longsleeve Ash,2020-10-31 16:00:00+00:00,1932.0,77.0,25.09090909090909
2020 Nov,Google F/C Longsleeve Charcoal,2020-10-31 16:00:00+00:00,3630.0,143.0,25.384615384615383
2020 Nov,Google Felt Luggage Tag,2020-10-31 16:00:00+00:00,70.0,11.0,6.363636363636363
2020 Nov,Google Felt Refillable Journal,2020-10-31 16:00:00+00:00,164.0,10.0,16.4
2020 Nov,Google Felt Strap Keyring,2020-10-31 16:00:00+00:00,46.0,4.0,11.5
2020 Nov,Google Flat Front Bag Grey,2020-10-31 16:00:00+00:00,252.0,10.0,25.2
2020 Nov,Google Frisbee,2020-10-31 16:00:00+00:00,35.0,22.0,1.5909090909090908
2020 Nov,Google Glass Bottle,2020-10-31 16:00:00+00:00,750.0,40.0,18.75
2020 Nov,Google Heather Green Speckled Tee,2020-10-31 16:00:00+00:00,1027.0,47.0,21.851063829787233
2020 Nov,Google Heathered Pom Beanie,2020-10-31 16:00:00+00:00,1089.0,87.0,12.517241379310345
2020 Nov,Google Hemp Tote,2020-10-31 16:00:00+00:00,597.0,45.0,13.266666666666667
2020 Nov,Google Incognito Dopp Kit V2,2020-10-31 16:00:00+00:00,114.0,3.0,38.0
2020 Nov,Google Incognito Flap Pack,2020-10-31 16:00:00+00:00,300.0,5.0,60.0
2020 Nov,Google Incognito Laptop Organizer,2020-10-31 16:00:00+00:00,224.0,4.0,56.0
2020 Nov,Google Incognito Messenger Bag,2020-10-31 16:00:00+00:00,255.0,4.0,63.75
2020 Nov,Google Incognito Techpack V2,2020-10-31 16:00:00+00:00,700.0,10.0,70.0
2020 Nov,Google Incognito Zip Pack,2020-10-31 16:00:00+00:00,549.0,9.0,61.0
2020 Nov,Google Infant Charcoal Onesie,2020-10-31 16:00:00+00:00,815.0,39.0,20.897435897435898
2020 Nov,Google Infant Hero Onesie Grey,2020-10-31 16:00:00+00:00,210.0,15.0,14.0
2020 Nov,Google Infant Hero Tee Olive,2020-10-31 16:00:00+00:00,306.0,21.0,14.571428571428571
2020 Nov,Google Jotter Task Pad,2020-10-31 16:00:00+00:00,26.0,11.0,2.3636363636363638
2020 Nov,Google KeepCup,2020-10-31 16:00:00+00:00,581.0,20.0,29.05
2020 Nov,Google Keychain,2020-10-31 16:00:00+00:00,258.0,41.0,6.2926829268292686
2020 Nov,Google Kirkland Campus Ladies Tee,2020-10-31 16:00:00+00:00,56.0,4.0,14.0
2020 Nov,Google Kirkland Campus Lapel Pin,2020-10-31 16:00:00+00:00,3.0,1.0,3.0
2020 Nov,Google Kirkland Campus Mug,2020-10-31 16:00:00+00:00,35.0,5.0,7.0
2020 Nov,Google Kirkland Campus Sticker,2020-10-31 16:00:00+00:00,2.0,2.0,1.0
2020 Nov,Google Kirkland Campus Unisex Tee,2020-10-31 16:00:00+00:00,98.0,7.0,14.0
2020 Nov,Google LA Campus Bottle,2020-10-31 16:00:00+00:00,47.0,4.0,11.75
2020 Nov,Google LA Campus Ladies Tee,2020-10-31 16:00:00+00:00,116.0,8.0,14.5
2020 Nov,Google LA Campus Lapel Pin,2020-10-31 16:00:00+00:00,7.0,2.0,3.5
2020 Nov,Google LA Campus Mug,2020-10-31 16:00:00+00:00,129.0,18.0,7.166666666666667
2020 Nov,Google LA Campus Sticker,2020-10-31 16:00:00+00:00,35.0,35.0,1.0
2020 Nov,Google LA Campus Tote,2020-10-31 16:00:00+00:00,38.0,6.0,6.333333333333333
2020 Nov,Google LA Campus Unisex Tee,2020-10-31 16:00:00+00:00,330.0,23.0,14.347826086956522
2020 Nov,Google LA Campus Zip Hoodie,2020-10-31 16:00:00+00:00,96.0,3.0,32.0
2020 Nov,Google Land & Sea Cotton Cap,2020-10-31 16:00:00+00:00,691.0,47.0,14.702127659574469
2020 Nov,Google Land & Sea French Terry Sweatshirt,2020-10-31 16:00:00+00:00,187.0,4.0,46.75
2020 Nov,Google Land & Sea Journal Set,2020-10-31 16:00:00+00:00,279.0,22.0,12.681818181818182
2020 Nov,Google Land & Sea Nalgene Water Bottle,2020-10-31 16:00:00+00:00,850.0,40.0,21.25
2020 Nov,Google Land & Sea Tech Taco,2020-10-31 16:00:00+00:00,29.0,9.0,3.2222222222222223
2020 Nov,Google Land & Sea Tote Bag,2020-10-31 16:00:00+00:00,284.0,17.0,16.705882352941178
2020 Nov,Google Land & Sea Women's Eco Tee,2020-10-31 16:00:00+00:00,80.0,4.0,20.0
2020 Nov,Google Lapel Pin,2020-10-31 16:00:00+00:00,128.0,20.0,6.4
2020 Nov,Google Laptop Sleeve Charcoal,2020-10-31 16:00:00+00:00,72.0,4.0,18.0
2020 Nov,Google Laptop and Cell Phone Stickers,2020-10-31 16:00:00+00:00,257.0,117.0,2.1965811965811968
2020 Nov,Google Large Pet Collar (Red/Yellow),2020-10-31 16:00:00+00:00,56.0,2.0,28.0
2020 Nov,Google Large Pet Leash (Blue/Green),2020-10-31 16:00:00+00:00,28.0,1.0,28.0
2020 Nov,Google Large Pet Leash (Red/Yellow),2020-10-31 16:00:00+00:00,84.0,3.0,28.0
2020 Nov,Google Large Standard Journal Grey,2020-10-31 16:00:00+00:00,893.0,65.0,13.738461538461538
2020 Nov,Google Large Tote White,2020-10-31 16:00:00+00:00,586.0,55.0,10.654545454545454
2020 Nov,Google Large White Gift Bag 5/PK,2020-10-31 16:00:00+00:00,110.0,10.0,11.0
2020 Nov,Google Leather Strap Hat Black,2020-10-31 16:00:00+00:00,831.0,57.0,14.578947368421053
2020 Nov,Google Leather Strap Hat Blue,2020-10-31 16:00:00+00:00,1485.0,102.0,14.558823529411764
2020 Nov,Google Light Pen Blue,2020-10-31 16:00:00+00:00,78.0,39.0,2.0
2020 Nov,Google Light Pen Green,2020-10-31 16:00:00+00:00,72.0,36.0,2.0
2020 Nov,Google Light Pen Red,2020-10-31 16:00:00+00:00,62.0,31.0,2.0
2020 Nov,Google LoveHandle Black,2020-10-31 16:00:00+00:00,162.0,20.0,8.1
2020 Nov,Google Magnet,2020-10-31 16:00:00+00:00,332.0,52.0,6.384615384615385
2020 Nov,Google Maps Pin,2020-10-31 16:00:00+00:00,25.0,4.0,6.25
2020 Nov,Google Medium Pet Collar (Blue/Green),2020-10-31 16:00:00+00:00,56.0,2.0,28.0
2020 Nov,Google Medium Pet Collar (Red/Yellow),2020-10-31 16:00:00+00:00,28.0,1.0,28.0
2020 Nov,Google Medium Pet Leash (Blue/Green),2020-10-31 16:00:00+00:00,56.0,2.0,28.0
2020 Nov,Google Men's Discovery Lt. Rain Shell,2020-10-31 16:00:00+00:00,222.0,4.0,55.5
2020 Nov,Google Men's Puff Jacket Black,2020-10-31 16:00:00+00:00,2438.0,24.0,101.58333333333333
2020 Nov,Google Men's Softshell Moss,2020-10-31 16:00:00+00:00,633.0,7.0,90.42857142857143
2020 Nov,Google Men's Tech Fleece Grey,2020-10-31 16:00:00+00:00,4654.0,62.0,75.06451612903226
2020 Nov,Google Men's Tech Fleece Vest Charcoal,2020-10-31 16:00:00+00:00,2129.0,31.0,68.6774193548387
2020 Nov,Google Mens Microfleece Jacket Black,2020-10-31 16:00:00+00:00,252.0,6.0,42.0
2020 Nov,Google Mesh Bag Blue,2020-10-31 16:00:00+00:00,183.0,35.0,5.228571428571429
2020 Nov,Google Mesh Bag Red,2020-10-31 16:00:00+00:00,435.0,86.0,5.058139534883721
2020 Nov,Google Metallic Notebook Set,2020-10-31 16:00:00+00:00,561.0,100.0,5.61
2020 Nov,Google Mini Kick Ball,2020-10-31 16:00:00+00:00,282.0,141.0,2.0
2020 Nov,Google Mountain View Campus Ladies Tee,2020-10-31 16:00:00+00:00,102.0,7.0,14.571428571428571
2020 Nov,Google Mountain View Campus Unisex Tee,2020-10-31 16:00:00+00:00,88.0,6.0,14.666666666666666
2020 Nov,Google Mountain View Campus Zip Hoodie,2020-10-31 16:00:00+00:00,594.0,18.0,33.0
2020 Nov,Google Mural Bottle,2020-10-31 16:00:00+00:00,314.0,16.0,19.625
2020 Nov,Google Mural Notebook,2020-10-31 16:00:00+00:00,210.0,14.0,15.0
2020 Nov,Google Mural Socks,2020-10-31 16:00:00+00:00,381.0,31.0,12.290322580645162
2020 Nov,Google Mural Sticker Sheet,2020-10-31 16:00:00+00:00,40.0,19.0,2.1052631578947367
2020 Nov,Google Mural Sticky Note Pad,2020-10-31 16:00:00+00:00,149.0,13.0,11.461538461538462
2020 Nov,Google Mural Tote,2020-10-31 16:00:00+00:00,84.0,6.0,14.0
2020 Nov,Google NYC Campus Bottle,2020-10-31 16:00:00+00:00,229.0,20.0,11.45
2020 Nov,Google NYC Campus Ladies Tee,2020-10-31 16:00:00+00:00,116.0,8.0,14.5
2020 Nov,Google NYC Campus Lapel Pin,2020-10-31 16:00:00+00:00,30.0,9.0,3.3333333333333335
2020 Nov,Google NYC Campus Mug,2020-10-31 16:00:00+00:00,382.0,54.0,7.074074074074074
2020 Nov,Google NYC Campus Sticker,2020-10-31 16:00:00+00:00,65.0,65.0,1.0
2020 Nov,Google NYC Campus Unisex Tee,2020-10-31 16:00:00+00:00,70.0,5.0,14.0
2020 Nov,Google NYC Campus Zip Hoodie,2020-10-31 16:00:00+00:00,959.0,28.0,34.25
2020 Nov,Google Navy Speckled Tee,2020-10-31 16:00:00+00:00,2754.0,111.0,24.81081081081081
2020 Nov,Google PNW Campus Bottle,2020-10-31 16:00:00+00:00,407.0,37.0,11.0
2020 Nov,Google PNW Campus Ladies Tee,2020-10-31 16:00:00+00:00,36.0,2.0,18.0
2020 Nov,Google PNW Campus Lapel Pin,2020-10-31 16:00:00+00:00,3.0,1.0,3.0
2020 Nov,Google PNW Campus Mug,2020-10-31 16:00:00+00:00,370.0,52.0,7.115384615384615
2020 Nov,Google PNW Campus Sticker,2020-10-31 16:00:00+00:00,2.0,2.0,1.0
2020 Nov,Google PNW Campus Unisex Tee,2020-10-31 16:00:00+00:00,56.0,4.0,14.0
2020 Nov,Google PNW Campus Zip Hoodie,2020-10-31 16:00:00+00:00,178.0,5.0,35.6
2020 Nov,Google Packable Bag Black,2020-10-31 16:00:00+00:00,328.0,19.0,17.263157894736842
2020 Nov,Google Pen Bright Blue,2020-10-31 16:00:00+00:00,34.0,27.0,1.2592592592592593
2020 Nov,Google Pen Citron,2020-10-31 16:00:00+00:00,49.0,49.0,1.0
2020 Nov,Google Pen Grass Green,2020-10-31 16:00:00+00:00,26.0,17.0,1.5294117647058822
2020 Nov,Google Pen Grey,2020-10-31 16:00:00+00:00,16.0,14.0,1.1428571428571428
2020 Nov,Google Pen Lilac,2020-10-31 16:00:00+00:00,27.0,26.0,1.0384615384615385
2020 Nov,Google Pen Neon Coral,2020-10-31 16:00:00+00:00,35.0,31.0,1.1290322580645162
2020 Nov,Google Pen Red,2020-10-31 16:00:00+00:00,36.0,35.0,1.0285714285714285
2020 Nov,Google Pen White,2020-10-31 16:00:00+00:00,180.0,136.0,1.3235294117647058
2020 Nov,Google Perk Thermal Tumbler,2020-10-31 16:00:00+00:00,1384.0,80.0,17.3
2020 Nov,Google Phone Stand Bamboo,2020-10-31 16:00:00+00:00,166.0,40.0,4.15
2020 Nov,Google Premium Sunglasses,2020-10-31 16:00:00+00:00,232.0,20.0,11.6
2020 Nov,Google Pride Sticker,2020-10-31 16:00:00+00:00,45.0,45.0,1.0
2020 Nov,Google Raincoat Navy,2020-10-31 16:00:00+00:00,1296.0,12.0,108.0
2020 Nov,Google Recycled Notebook Set Natural,2020-10-31 16:00:00+00:00,76.0,7.0,10.857142857142858
2020 Nov,Google Recycled Pen Black,2020-10-31 16:00:00+00:00,76.0,38.0,2.0
2020 Nov,Google Recycled Pen Green,2020-10-31 16:00:00+00:00,30.0,15.0,2.0
2020 Nov,Google Recycled Writing Set,2020-10-31 16:00:00+00:00,81.0,26.0,3.1153846153846154
2020 Nov,Google Red Kids Sunglasses,2020-10-31 16:00:00+00:00,77.0,19.0,4.052631578947368
2020 Nov,Google Red Speckled Tee,2020-10-31 16:00:00+00:00,1104.0,44.0,25.09090909090909
2020 Nov,Google Red YoYo,2020-10-31 16:00:00+00:00,48.0,16.0,3.0
2020 Nov,Google SF Campus Bottle,2020-10-31 16:00:00+00:00,163.0,14.0,11.642857142857142
2020 Nov,Google SF Campus Ladies Tee,2020-10-31 16:00:00+00:00,126.0,9.0,14.0
2020 Nov,Google SF Campus Lapel Pin,2020-10-31 16:00:00+00:00,17.0,5.0,3.4
2020 Nov,Google SF Campus Mug,2020-10-31 16:00:00+00:00,35.0,5.0,7.0
2020 Nov,Google SF Campus Tote,2020-10-31 16:00:00+00:00,222.0,35.0,6.3428571428571425
2020 Nov,Google SF Campus Unisex Tee,2020-10-31 16:00:00+00:00,116.0,8.0,14.5
2020 Nov,Google SF Campus Zip Hoodie,2020-10-31 16:00:00+00:00,370.0,11.0,33.63636363636363
2020 Nov,Google Seaport Tote,2020-10-31 16:00:00+00:00,192.0,4.0,48.0
2020 Nov,Google Seattle Campus Ladies Tee,2020-10-31 16:00:00+00:00,28.0,2.0,14.0
2020 Nov,Google Seattle Campus Lapel Pin,2020-10-31 16:00:00+00:00,3.0,1.0,3.0
2020 Nov,Google Seattle Campus Mug,2020-10-31 16:00:00+00:00,111.0,15.0,7.4
2020 Nov,Google Seattle Campus Sticker,2020-10-31 16:00:00+00:00,30.0,30.0,1.0
2020 Nov,Google See-No Hear-No Set,2020-10-31 16:00:00+00:00,268.0,26.0,10.307692307692308
2020 Nov,Google Sherpa Vest Black,2020-10-31 16:00:00+00:00,709.0,11.0,64.45454545454545
2020 Nov,Google Sherpa Zip Hoodie Charcoal,2020-10-31 16:00:00+00:00,2462.0,44.0,55.95454545454545
2020 Nov,Google Sherpa Zip Hoodie Navy,2020-10-31 16:00:00+00:00,2338.0,42.0,55.666666666666664
2020 Nov,Google Small Cable Organizer Blue,2020-10-31 16:00:00+00:00,24.0,12.0,2.0
2020 Nov,Google Small Standard Journal Navy,2020-10-31 16:00:00+00:00,570.0,100.0,5.7
2020 Nov,Google Small White Gift Bag 5/PK,2020-10-31 16:00:00+00:00,26.0,4.0,6.5
2020 Nov,Google Soft Modal Scarf,2020-10-31 16:00:00+00:00,144.0,4.0,36.0
2020 Nov,Google Speckled Beanie Grey,2020-10-31 16:00:00+00:00,512.0,31.0,16.516129032258064
2020 Nov,Google Speckled Beanie Navy,2020-10-31 16:00:00+00:00,692.0,41.0,16.878048780487806
2020 Nov,Google Split Seam Tee Olive,2020-10-31 16:00:00+00:00,68.0,3.0,22.666666666666668
2020 Nov,Google Stylus Pen w/ LED Light,2020-10-31 16:00:00+00:00,4.0,1.0,4.0
2020 Nov,Google Summer19 Crew Grey,2020-10-31 16:00:00+00:00,498.0,14.0,35.57142857142857
2020 Nov,Google Sunglasses,2020-10-31 16:00:00+00:00,544.0,154.0,3.5324675324675323
2020 Nov,Google Sunnyvale Campus Bottle,2020-10-31 16:00:00+00:00,119.0,10.0,11.9
2020 Nov,Google Sunnyvale Campus Ladies Tee,2020-10-31 16:00:00+00:00,140.0,10.0,14.0
2020 Nov,Google Sunnyvale Campus Mug,2020-10-31 16:00:00+00:00,380.0,53.0,7.169811320754717
2020 Nov,Google Sunnyvale Campus Tote,2020-10-31 16:00:00+00:00,60.0,10.0,6.0
2020 Nov,Google Sunnyvale Campus Unisex Tee,2020-10-31 16:00:00+00:00,204.0,14.0,14.571428571428571
2020 Nov,Google Sunnyvale Campus Zip Hoodie,2020-10-31 16:00:00+00:00,713.0,22.0,32.40909090909091
2020 Nov,Google Super G Tumbler (Blue Lid),2020-10-31 16:00:00+00:00,508.0,22.0,23.09090909090909
2020 Nov,Google Super G Tumbler (Red Lid),2020-10-31 16:00:00+00:00,342.0,15.0,22.8
2020 Nov,Google Sustainable Pencil Pouch,2020-10-31 16:00:00+00:00,128.0,15.0,8.533333333333333
2020 Nov,Google Tech Taco,2020-10-31 16:00:00+00:00,54.0,17.0,3.176470588235294
2020 Nov,Google Tee Blue,2020-10-31 16:00:00+00:00,54.0,6.0,9.0
2020 Nov,Google Tee F/C Black,2020-10-31 16:00:00+00:00,93.0,6.0,15.5
2020 Nov,Google Tee Green,2020-10-31 16:00:00+00:00,45.0,5.0,9.0
2020 Nov,Google Tee Grey,2020-10-31 16:00:00+00:00,128.0,14.0,9.142857142857142
2020 Nov,Google Tee Mint Green,2020-10-31 16:00:00+00:00,32.0,2.0,16.0
2020 Nov,Google Tee Red,2020-10-31 16:00:00+00:00,114.0,12.0,9.5
2020 Nov,Google Tee Yellow,2020-10-31 16:00:00+00:00,175.0,19.0,9.210526315789474
2020 Nov,Google Thermal Tumbler Navy,2020-10-31 16:00:00+00:00,1470.0,91.0,16.153846153846153
2020 Nov,Google Toddler FC Tee Charcoal,2020-10-31 16:00:00+00:00,365.0,18.0,20.27777777777778
2020 Nov,Google Toddler FC Zip Hoodie,2020-10-31 16:00:00+00:00,756.0,27.0,28.0
2020 Nov,Google Toddler Hero Tee Black,2020-10-31 16:00:00+00:00,108.0,8.0,13.5
2020 Nov,Google Toddler Hero Tee Olive,2020-10-31 16:00:00+00:00,152.0,8.0,19.0
2020 Nov,Google Toddler Tee White,2020-10-31 16:00:00+00:00,95.0,5.0,19.0
2020 Nov,Google Tonal Tee Coral,2020-10-31 16:00:00+00:00,38.0,4.0,9.5
2020 Nov,Google Tonal Tee Spearmint,2020-10-31 16:00:00+00:00,27.0,3.0,9.0
2020 Nov,Google Totepak,2020-10-31 16:00:00+00:00,67.0,3.0,22.333333333333332
2020 Nov,Google Tudes Recycled Tee,2020-10-31 16:00:00+00:00,24.0,1.0,24.0
2020 Nov,Google Tudes Thermal Bottle,2020-10-31 16:00:00+00:00,72.0,2.0,36.0
2020 Nov,Google Unisex Eco Tee Black,2020-10-31 16:00:00+00:00,2244.0,118.0,19.016949152542374
2020 Nov,Google Utensil Set,2020-10-31 16:00:00+00:00,597.0,46.0,12.978260869565217
2020 Nov,Google Utility BackPack,2020-10-31 16:00:00+00:00,2016.0,20.0,100.8
2020 Nov,Google Utility Bag Grey,2020-10-31 16:00:00+00:00,139.0,22.0,6.318181818181818
2020 Nov,Google Women's Black Tee,2020-10-31 16:00:00+00:00,42.0,3.0,14.0
2020 Nov,Google Women's Discovery Lt. Rain Shell,2020-10-31 16:00:00+00:00,49.0,1.0,49.0
2020 Nov,Google Women's Grid Zip-Up,2020-10-31 16:00:00+00:00,1215.0,23.0,52.82608695652174
2020 Nov,Google Women's Kirkland Pullover,2020-10-31 16:00:00+00:00,70.0,2.0,35.0
2020 Nov,Google Women's Microfleece Jacket Black,2020-10-31 16:00:00+00:00,180.0,3.0,60.0
2020 Nov,Google Women's Pride Eco-Tee Black,2020-10-31 16:00:00+00:00,168.0,13.0,12.923076923076923
2020 Nov,Google Women's Puff Jacket Black,2020-10-31 16:00:00+00:00,2714.0,29.0,93.58620689655173
2020 Nov,Google Women's Softshell Moss,2020-10-31 16:00:00+00:00,79.0,1.0,79.0
2020 Nov,Google Women's Tech Fleece Grey,2020-10-31 16:00:00+00:00,1048.0,14.0,74.85714285714286
2020 Nov,Google Women's Tech Fleece Vest Charcoal,2020-10-31 16:00:00+00:00,616.0,13.0,47.38461538461539
2020 Nov,Google Woodtop Bottle Black,2020-10-31 16:00:00+00:00,894.0,36.0,24.833333333333332
2020 Nov,Google Yellow YoYo,2020-10-31 16:00:00+00:00,63.0,16.0,3.9375
2020 Nov,Google Youth Badge Tee Navy,2020-10-31 16:00:00+00:00,198.0,14.0,14.142857142857142
2020 Nov,Google Youth Badge Tee Olive,2020-10-31 16:00:00+00:00,91.0,7.0,13.0
2020 Nov,Google Youth F/C Pullover Hoodie,2020-10-31 16:00:00+00:00,32.0,1.0,32.0
2020 Nov,Google Youth FC Longsleeve Charcoal,2020-10-31 16:00:00+00:00,498.0,20.0,24.9
2020 Nov,Google Youth FC Tee Charcoal,2020-10-31 16:00:00+00:00,610.0,29.0,21.03448275862069
2020 Nov,Google Youth Hero Tee Grey,2020-10-31 16:00:00+00:00,215.0,10.0,21.5
2020 Nov,Google Youth Hero Tee Maroon,2020-10-31 16:00:00+00:00,205.0,10.0,20.5
2020 Nov,Google Zip Hoodie F/C,2020-10-31 16:00:00+00:00,6660.0,130.0,51.23076923076923
2020 Nov,Keyboard DOT Sticker,2020-10-31 16:00:00+00:00,122.0,61.0,2.0
2020 Nov,Maze Pen,2020-10-31 16:00:00+00:00,70.0,70.0,1.0
2020 Nov,Mommy Works at Google Book,2020-10-31 16:00:00+00:00,120.0,7.0,17.142857142857142
2020 Nov,Mural Food Container,2020-10-31 16:00:00+00:00,305.0,9.0,33.888888888888886
2020 Nov,Noogler Android Figure,2020-10-31 16:00:00+00:00,736.0,52.0,14.153846153846153
2020 Nov,Snowflake Android Cardboard Sculpture,2020-10-31 16:00:00+00:00,128.0,15.0,8.533333333333333
2020 Nov,Stainless Straight Straw/Cleaner,2020-10-31 16:00:00+00:00,33.0,11.0,3.0
2020 Nov,Stan and Friends Onesie Green,2020-10-31 16:00:00+00:00,196.0,14.0,14.0
2020 Nov,Stan and Friends Tee Green,2020-10-31 16:00:00+00:00,334.0,23.0,14.521739130434783
2020 Nov,Stan and Friends Toddler Tee Green,2020-10-31 16:00:00+00:00,218.0,15.0,14.533333333333333
2020 Nov,Stan and Friends Youth Tee Green,2020-10-31 16:00:00+00:00,88.0,6.0,14.666666666666666
2020 Nov,Super G Unisex Joggers,2020-10-31 16:00:00+00:00,4116.0,133.0,30.94736842105263
2020 Nov,Supernatural Paper Backpack,2020-10-31 16:00:00+00:00,174.0,3.0,58.0
2020 Nov,Supernatural Paper Lunch Sack,2020-10-31 16:00:00+00:00,43.0,2.0,21.5
2020 Nov,Supernatural Paper Tote,2020-10-31 16:00:00+00:00,194.0,8.0,24.25
2020 Nov,Unisex Google Jumbo Print Tee White,2020-10-31 16:00:00+00:00,12.0,1.0,12.0
2020 Nov,Unisex Google Pocket Tee Grey,2020-10-31 16:00:00+00:00,488.0,28.0,17.428571428571427
2020 Nov,Womens Google Striped LS,2020-10-31 16:00:00+00:00,592.0,36.0,16.444444444444443
2020 Nov,YouTube 25 oz Gear Cap Bottle Black,2020-10-31 16:00:00+00:00,291.0,13.0,22.384615384615383
2020 Nov,YouTube Crew Socks,2020-10-31 16:00:00+00:00,697.0,52.0,13.403846153846153
2020 Nov,YouTube Icon Tee Charcoal,2020-10-31 16:00:00+00:00,682.0,35.0,19.485714285714284
2020 Nov,YouTube Icon Tee Grey,2020-10-31 16:00:00+00:00,500.0,26.0,19.23076923076923
2020 Nov,YouTube Iconic Play Pin,2020-10-31 16:00:00+00:00,156.0,23.0,6.782608695652174
2020 Nov,YouTube Jotter Task Pad,2020-10-31 16:00:00+00:00,112.0,46.0,2.4347826086956523
2020 Nov,YouTube Leather Strap Hat Black,2020-10-31 16:00:00+00:00,742.0,70.0,10.6
2020 Nov,YouTube Play Mug,2020-10-31 16:00:00+00:00,275.0,26.0,10.576923076923077
2020 Nov,YouTube Small Sticker Sheet,2020-10-31 16:00:00+00:00,76.0,33.0,2.303030303030303
2020 Nov,YouTube Standards Zip Hoodie Black,2020-10-31 16:00:00+00:00,432.0,8.0,54.0
2020 Nov,YouTube Transmission Journal Red,2020-10-31 16:00:00+00:00,330.0,24.0,13.75
2020 Nov,YouTube Twill Sandwich Cap Black,2020-10-31 16:00:00+00:00,404.0,35.0,11.542857142857143
2020 Nov,YouTube Women's Favorite Tee White,2020-10-31 16:00:00+00:00,36.0,4.0,9.0
2020 Nov,Youth Jumbo Print Tee White,2020-10-31 16:00:00+00:00,102.0,7.0,14.571428571428571
2021 Jan,#IamRemarkable Journal,2020-12-31 16:00:00+00:00,80.0,13.0,6.153846153846154
2021 Jan,#IamRemarkable Pen,2020-12-31 16:00:00+00:00,14.0,1.0,14.0
2021 Jan,#IamRemarkable Tote,2020-12-31 16:00:00+00:00,6.0,1.0,6.0
2021 Jan,#IamRemarkable Unisex Hoodie,2020-12-31 16:00:00+00:00,52.0,2.0,26.0
2021 Jan,#IamRemarkable Unisex T-Shirt,2020-12-31 16:00:00+00:00,72.0,7.0,10.285714285714286
2021 Jan,#IamRemarkable Water Bottle,2020-12-31 16:00:00+00:00,75.0,6.0,12.5
2021 Jan,Android Buoy Bottle,2020-12-31 16:00:00+00:00,78.0,18.0,4.333333333333333
2021 Jan,Android Flex Journal White,2020-12-31 16:00:00+00:00,6.0,3.0,2.0
2021 Jan,Android Garden Tee Orange,2020-12-31 16:00:00+00:00,32.0,2.0,16.0
2021 Jan,Android Geek Pin,2020-12-31 16:00:00+00:00,4.0,1.0,4.0
2021 Jan,Android Hipster Pin,2020-12-31 16:00:00+00:00,6.0,1.0,6.0
2021 Jan,Android Iconic 4&quot; Decal,2020-12-31 16:00:00+00:00,29.0,29.0,1.0
2021 Jan,Android Iconic Beanie,2020-12-31 16:00:00+00:00,18.0,2.0,9.0
2021 Jan,Android Iconic Bottle Black,2020-12-31 16:00:00+00:00,24.0,1.0,24.0
2021 Jan,Android Iconic Crewneck Sweatshirt,2020-12-31 16:00:00+00:00,1001.0,22.0,45.5
2021 Jan,Android Iconic Glass Bottle Green,2020-12-31 16:00:00+00:00,26.0,2.0,13.0
2021 Jan,Android Iconic Hat Black,2020-12-31 16:00:00+00:00,63.0,7.0,9.0
2021 Jan,Android Iconic Hat Green,2020-12-31 16:00:00+00:00,26.0,2.0,13.0
2021 Jan,Android Iconic Hat White,2020-12-31 16:00:00+00:00,94.0,7.0,13.428571428571429
2021 Jan,Android Iconic Notebook,2020-12-31 16:00:00+00:00,14.0,1.0,14.0
2021 Jan,Android Iconic Pen,2020-12-31 16:00:00+00:00,7.0,4.0,1.75
2021 Jan,Android Iconic Pin,2020-12-31 16:00:00+00:00,10.0,3.0,3.3333333333333335
2021 Jan,Android Iconic Socks,2020-12-31 16:00:00+00:00,84.0,6.0,14.0
2021 Jan,Android Iconic Sticker Sheet,2020-12-31 16:00:00+00:00,14.0,5.0,2.8
2021 Jan,Android Jotter Task Pad,2020-12-31 16:00:00+00:00,24.0,12.0,2.0
2021 Jan,Android Large Removable Sticker Sheet,2020-12-31 16:00:00+00:00,32.0,16.0,2.0
2021 Jan,Android Large Trace Journal Black,2020-12-31 16:00:00+00:00,30.0,4.0,7.5
2021 Jan,Android Lumberjack Pin,2020-12-31 16:00:00+00:00,26.0,6.0,4.333333333333333
2021 Jan,Android Pocket Onesie Navy,2020-12-31 16:00:00+00:00,180.0,10.0,18.0
2021 Jan,Android Pocket Tee Green,2020-12-31 16:00:00+00:00,75.0,3.0,25.0
2021 Jan,Android Pocket Tee Navy,2020-12-31 16:00:00+00:00,167.0,7.0,23.857142857142858
2021 Jan,Android Pocket Toddler Tee Navy,2020-12-31 16:00:00+00:00,54.0,3.0,18.0
2021 Jan,Android Pocket Youth Tee Green,2020-12-31 16:00:00+00:00,20.0,1.0,20.0
2021 Jan,Android Pocket Youth Tee Navy,2020-12-31 16:00:00+00:00,25.0,1.0,25.0
2021 Jan,Android SM S/F18 Sticker Sheet,2020-12-31 16:00:00+00:00,66.0,33.0,2.0
2021 Jan,Android Small Trace Journal Black,2020-12-31 16:00:00+00:00,25.0,5.0,5.0
2021 Jan,Android Super Hero 3D Framed Art,2020-12-31 16:00:00+00:00,128.0,8.0,16.0
2021 Jan,Android Techie 3D Framed Art,2020-12-31 16:00:00+00:00,188.0,11.0,17.09090909090909
2021 Jan,Daddy Works at Google Book,2020-12-31 16:00:00+00:00,160.0,10.0,16.0
2021 Jan,Essential Canvas Tote,2020-12-31 16:00:00+00:00,132.0,5.0,26.4
2021 Jan,Flamingo and Friends Tee Blue,2020-12-31 16:00:00+00:00,148.0,9.0,16.444444444444443
2021 Jan,Gift Card- $100.00,2020-12-31 16:00:00+00:00,1200.0,12.0,100.0
2021 Jan,Google 24 oz Ring Bottle Red,2020-12-31 16:00:00+00:00,61.0,10.0,6.1
2021 Jan,Google 24oz Ring Bottle Blue,2020-12-31 16:00:00+00:00,127.0,21.0,6.0476190476190474
2021 Jan,Google Aluminum Bottle Red,2020-12-31 16:00:00+00:00,74.0,11.0,6.7272727272727275
2021 Jan,Google ApPeel Journal Red,2020-12-31 16:00:00+00:00,90.0,6.0,15.0
2021 Jan,Google Austin Campus Bottle,2020-12-31 16:00:00+00:00,22.0,2.0,11.0
2021 Jan,Google Austin Campus Ladies Tee,2020-12-31 16:00:00+00:00,42.0,3.0,14.0
2021 Jan,Google Austin Campus Lapel Pin,2020-12-31 16:00:00+00:00,9.0,3.0,3.0
2021 Jan,Google Austin Campus Mug,2020-12-31 16:00:00+00:00,131.0,18.0,7.277777777777778
2021 Jan,Google Austin Campus Tote,2020-12-31 16:00:00+00:00,56.0,9.0,6.222222222222222
2021 Jan,Google Austin Campus Zip Hoodie,2020-12-31 16:00:00+00:00,32.0,1.0,32.0
2021 Jan,Google Badge Heavyweight Pullover Black,2020-12-31 16:00:00+00:00,656.0,14.0,46.857142857142854
2021 Jan,Google Bear Baby Blanket Beige,2020-12-31 16:00:00+00:00,266.0,14.0,19.0
2021 Jan,Google Beekeepers Onesie Pink,2020-12-31 16:00:00+00:00,42.0,3.0,14.0
2021 Jan,Google Beekeepers Tee Mint,2020-12-31 16:00:00+00:00,208.0,14.0,14.857142857142858
2021 Jan,Google Beekeepers Toddler Tee Pink,2020-12-31 16:00:00+00:00,46.0,3.0,15.333333333333334
2021 Jan,Google Beekeepers Youth Tee Pink,2020-12-31 16:00:00+00:00,98.0,7.0,14.0
2021 Jan,Google Black Cloud Zip Hoodie,2020-12-31 16:00:00+00:00,3137.0,55.0,57.03636363636364
2021 Jan,Google Black Cork Journal,2020-12-31 16:00:00+00:00,218.0,21.0,10.380952380952381
2021 Jan,Google Blue Kids Sunglasses,2020-12-31 16:00:00+00:00,43.0,10.0,4.3
2021 Jan,Google Blue Stojo Cup,2020-12-31 16:00:00+00:00,170.0,8.0,21.25
2021 Jan,Google Bot (Multicolored),2020-12-31 16:00:00+00:00,192.0,23.0,8.347826086956522
2021 Jan,Google Boulder Campus Bottle,2020-12-31 16:00:00+00:00,22.0,2.0,11.0
2021 Jan,Google Boulder Campus Mug,2020-12-31 16:00:00+00:00,59.0,8.0,7.375
2021 Jan,Google Boulder Campus Sticker,2020-12-31 16:00:00+00:00,8.0,8.0,1.0
2021 Jan,Google Boulder Campus Unisex Tee,2020-12-31 16:00:00+00:00,28.0,2.0,14.0
2021 Jan,Google Boulder Campus Zip Hoodie,2020-12-31 16:00:00+00:00,96.0,3.0,32.0
2021 Jan,Google Cambridge Campus Bottle,2020-12-31 16:00:00+00:00,33.0,3.0,11.0
2021 Jan,Google Cambridge Campus Ladies Tee,2020-12-31 16:00:00+00:00,42.0,3.0,14.0
2021 Jan,Google Cambridge Campus Lapel Pin,2020-12-31 16:00:00+00:00,12.0,4.0,3.0
2021 Jan,Google Cambridge Campus Mug,2020-12-31 16:00:00+00:00,66.0,9.0,7.333333333333333
2021 Jan,Google Cambridge Campus Sticker,2020-12-31 16:00:00+00:00,14.0,14.0,1.0
2021 Jan,Google Cambridge Campus Tote,2020-12-31 16:00:00+00:00,6.0,1.0,6.0
2021 Jan,Google Cambridge Campus Unisex Tee,2020-12-31 16:00:00+00:00,32.0,2.0,16.0
2021 Jan,Google Cambridge Campus Zip Hoodie,2020-12-31 16:00:00+00:00,64.0,2.0,32.0
2021 Jan,Google Camp Mug Gray,2020-12-31 16:00:00+00:00,83.0,8.0,10.375
2021 Jan,Google Camp Mug Ivory,2020-12-31 16:00:00+00:00,155.0,14.0,11.071428571428571
2021 Jan,Google Campus Bike,2020-12-31 16:00:00+00:00,1128.0,34.0,33.1764705882353
2021 Jan,Google Campus Bike Bottle,2020-12-31 16:00:00+00:00,88.0,4.0,22.0
2021 Jan,Google Campus Bike Carry Pouch,2020-12-31 16:00:00+00:00,26.0,4.0,6.5
2021 Jan,Google Campus Bike Corkbase Mug Blue,2020-12-31 16:00:00+00:00,359.0,25.0,14.36
2021 Jan,Google Campus Bike Eco Tee Navy,2020-12-31 16:00:00+00:00,110.0,5.0,22.0
2021 Jan,Google Campus Bike Grid Task Pad,2020-12-31 16:00:00+00:00,70.0,7.0,10.0
2021 Jan,Google Campus Bike Mini Backpack,2020-12-31 16:00:00+00:00,64.0,2.0,32.0
2021 Jan,Google Campus Bike Tote Navy,2020-12-31 16:00:00+00:00,135.0,15.0,9.0
2021 Jan,Google Canteen Bottle Black,2020-12-31 16:00:00+00:00,619.0,31.0,19.967741935483872
2021 Jan,Google Chicago Campus Bottle,2020-12-31 16:00:00+00:00,33.0,3.0,11.0
2021 Jan,Google Chicago Campus Lapel Pin,2020-12-31 16:00:00+00:00,12.0,4.0,3.0
2021 Jan,Google Chicago Campus Mug,2020-12-31 16:00:00+00:00,79.0,11.0,7.181818181818182
2021 Jan,Google Chicago Campus Tote,2020-12-31 16:00:00+00:00,16.0,2.0,8.0
2021 Jan,Google Chicago Campus Zip Hoodie,2020-12-31 16:00:00+00:00,64.0,2.0,32.0
2021 Jan,Google Chrome Dino Light Up Water Bottle,2020-12-31 16:00:00+00:00,190.0,10.0,19.0
2021 Jan,Google Chrome Dinosaur Collectible,2020-12-31 16:00:00+00:00,564.0,23.0,24.52173913043478
2021 Jan,Google Clear Framed Blue Shades,2020-12-31 16:00:00+00:00,29.0,8.0,3.625
2021 Jan,Google Clear Framed Gray Shades,2020-12-31 16:00:00+00:00,48.0,15.0,3.2
2021 Jan,Google Clear Framed Yellow Shades,2020-12-31 16:00:00+00:00,117.0,31.0,3.774193548387097
2021 Jan,Google Cloud Pen,2020-12-31 16:00:00+00:00,98.0,43.0,2.2790697674418605
2021 Jan,Google Color Block Notebook,2020-12-31 16:00:00+00:00,222.0,21.0,10.571428571428571
2021 Jan,Google Confetti Accessory Pouch,2020-12-31 16:00:00+00:00,42.0,4.0,10.5
2021 Jan,Google Confetti Pen White,2020-12-31 16:00:00+00:00,9.0,5.0,1.8
2021 Jan,Google Confetti Slim Task Pad,2020-12-31 16:00:00+00:00,3.0,1.0,3.0
2021 Jan,Google Confetti Task Pad,2020-12-31 16:00:00+00:00,52.0,8.0,6.5
2021 Jan,Google Cork Base Tumbler,2020-12-31 16:00:00+00:00,380.0,17.0,22.352941176470587
2021 Jan,Google Cork Card Holder,2020-12-31 16:00:00+00:00,99.0,7.0,14.142857142857142
2021 Jan,Google Cork Journal,2020-12-31 16:00:00+00:00,16.0,2.0,8.0
2021 Jan,Google Cork Key Ring,2020-12-31 16:00:00+00:00,28.0,4.0,7.0
2021 Jan,Google Cork Passport Holder,2020-12-31 16:00:00+00:00,128.0,8.0,16.0
2021 Jan,Google Cork Pencil Pouch,2020-12-31 16:00:00+00:00,26.0,4.0,6.5
2021 Jan,Google Cork Tablet Case,2020-12-31 16:00:00+00:00,21.0,1.0,21.0
2021 Jan,Google Cotopaxi Shell,2020-12-31 16:00:00+00:00,1018.0,26.0,39.15384615384615
2021 Jan,Google Crew Combed Cotton Sock,2020-12-31 16:00:00+00:00,101.0,7.0,14.428571428571429
2021 Jan,Google Crew Socks,2020-12-31 16:00:00+00:00,282.0,21.0,13.428571428571429
2021 Jan,Google Crew Striped Athletic Sock,2020-12-31 16:00:00+00:00,62.0,4.0,15.5
2021 Jan,Google Crewneck Sweatshirt Green,2020-12-31 16:00:00+00:00,3542.0,78.0,45.41025641025641
2021 Jan,Google Crewneck Sweatshirt Grey,2020-12-31 16:00:00+00:00,220.0,5.0,44.0
2021 Jan,Google Crewneck Sweatshirt Navy,2020-12-31 16:00:00+00:00,737.0,16.0,46.0625
2021 Jan,Google Cup Cap Tumbler Grey,2020-12-31 16:00:00+00:00,156.0,6.0,26.0
2021 Jan,Google Dino Game Tee,2020-12-31 16:00:00+00:00,656.0,20.0,32.8
2021 Jan,Google Emoji Magnet Set,2020-12-31 16:00:00+00:00,78.0,9.0,8.666666666666666
2021 Jan,Google Emoji Sticker Pack,2020-12-31 16:00:00+00:00,36.0,9.0,4.0
2021 Jan,Google F/C Longsleeve Ash,2020-12-31 16:00:00+00:00,48.0,2.0,24.0
2021 Jan,Google F/C Longsleeve Charcoal,2020-12-31 16:00:00+00:00,270.0,11.0,24.545454545454547
2021 Jan,Google Felt Luggage Tag,2020-12-31 16:00:00+00:00,34.0,5.0,6.8
2021 Jan,Google Felt Refillable Journal,2020-12-31 16:00:00+00:00,16.0,1.0,16.0
2021 Jan,Google Felt Strap Keyring,2020-12-31 16:00:00+00:00,20.0,2.0,10.0
2021 Jan,Google Flat Front Bag Grey,2020-12-31 16:00:00+00:00,324.0,13.0,24.923076923076923
2021 Jan,Google Frisbee,2020-12-31 16:00:00+00:00,18.0,17.0,1.0588235294117647
2021 Jan,Google Glass Bottle,2020-12-31 16:00:00+00:00,511.0,27.0,18.925925925925927
2021 Jan,Google Heather Green Speckled Tee,2020-12-31 16:00:00+00:00,240.0,10.0,24.0
2021 Jan,Google Heathered Pom Beanie,2020-12-31 16:00:00+00:00,300.0,25.0,12.0
2021 Jan,Google Hemp Tote,2020-12-31 16:00:00+00:00,87.0,7.0,12.428571428571429
2021 Jan,Google Incognito Dopp Kit V2,2020-12-31 16:00:00+00:00,162.0,4.0,40.5
2021 Jan,Google Incognito Laptop Organizer,2020-12-31 16:00:00+00:00,135.0,3.0,45.0
2021 Jan,Google Incognito Messenger Bag,2020-12-31 16:00:00+00:00,180.0,3.0,60.0
2021 Jan,Google Incognito Techpack V2,2020-12-31 16:00:00+00:00,560.0,8.0,70.0
2021 Jan,Google Incognito Zip Pack,2020-12-31 16:00:00+00:00,366.0,6.0,61.0
2021 Jan,Google Infant Charcoal Onesie,2020-12-31 16:00:00+00:00,265.0,13.0,20.384615384615383
2021 Jan,Google Infant Hero Tee Olive,2020-12-31 16:00:00+00:00,14.0,1.0,14.0
2021 Jan,Google Jotter Task Pad,2020-12-31 16:00:00+00:00,80.0,27.0,2.962962962962963
2021 Jan,Google KeepCup,2020-12-31 16:00:00+00:00,252.0,9.0,28.0
2021 Jan,Google Keychain,2020-12-31 16:00:00+00:00,178.0,28.0,6.357142857142857
2021 Jan,Google Kirkland Campus Ladies Tee,2020-12-31 16:00:00+00:00,56.0,4.0,14.0
2021 Jan,Google Kirkland Campus Mug,2020-12-31 16:00:00+00:00,42.0,6.0,7.0
2021 Jan,Google Kirkland Campus Sticker,2020-12-31 16:00:00+00:00,13.0,13.0,1.0
2021 Jan,Google Kirkland Campus Unisex Tee,2020-12-31 16:00:00+00:00,70.0,5.0,14.0
2021 Jan,Google Knit Blanket,2020-12-31 16:00:00+00:00,1068.0,15.0,71.2
2021 Jan,Google LA Campus Bottle,2020-12-31 16:00:00+00:00,22.0,2.0,11.0
2021 Jan,Google LA Campus Ladies Tee,2020-12-31 16:00:00+00:00,46.0,3.0,15.333333333333334
2021 Jan,Google LA Campus Lapel Pin,2020-12-31 16:00:00+00:00,10.0,3.0,3.3333333333333335
2021 Jan,Google LA Campus Mug,2020-12-31 16:00:00+00:00,88.0,12.0,7.333333333333333
2021 Jan,Google LA Campus Sticker,2020-12-31 16:00:00+00:00,14.0,14.0,1.0
2021 Jan,Google LA Campus Tote,2020-12-31 16:00:00+00:00,26.0,4.0,6.5
2021 Jan,Google LA Campus Unisex Tee,2020-12-31 16:00:00+00:00,50.0,3.0,16.666666666666668
2021 Jan,Google LA Campus Zip Hoodie,2020-12-31 16:00:00+00:00,73.0,2.0,36.5
2021 Jan,Google Land & Sea Cotton Cap,2020-12-31 16:00:00+00:00,121.0,8.0,15.125
2021 Jan,Google Land & Sea French Terry Sweatshirt,2020-12-31 16:00:00+00:00,220.0,5.0,44.0
2021 Jan,Google Land & Sea Journal Set,2020-12-31 16:00:00+00:00,135.0,11.0,12.272727272727273
2021 Jan,Google Land & Sea Mug,2020-12-31 16:00:00+00:00,56.0,4.0,14.0
2021 Jan,Google Land & Sea Nalgene Water Bottle,2020-12-31 16:00:00+00:00,100.0,5.0,20.0
2021 Jan,Google Land & Sea Tech Taco,2020-12-31 16:00:00+00:00,15.0,5.0,3.0
2021 Jan,Google Land & Sea Tote Bag,2020-12-31 16:00:00+00:00,116.0,7.0,16.571428571428573
2021 Jan,Google Land & Sea Women's Eco Tee,2020-12-31 16:00:00+00:00,120.0,6.0,20.0
2021 Jan,Google Lapel Pin,2020-12-31 16:00:00+00:00,60.0,9.0,6.666666666666667
2021 Jan,Google Laptop Sleeve Charcoal,2020-12-31 16:00:00+00:00,80.0,5.0,16.0
2021 Jan,Google Laptop and Cell Phone Stickers,2020-12-31 16:00:00+00:00,100.0,44.0,2.272727272727273
2021 Jan,Google Large Pet Collar (Red/Yellow),2020-12-31 16:00:00+00:00,35.0,1.0,35.0
2021 Jan,Google Large Pet Leash (Red/Yellow),2020-12-31 16:00:00+00:00,98.0,3.0,32.666666666666664
2021 Jan,Google Large Standard Journal Grey,2020-12-31 16:00:00+00:00,321.0,24.0,13.375
2021 Jan,Google Large Tote White,2020-12-31 16:00:00+00:00,159.0,15.0,10.6
2021 Jan,Google Large White Gift Bag 5/PK,2020-12-31 16:00:00+00:00,20.0,2.0,10.0
2021 Jan,Google Light Pen Blue,2020-12-31 16:00:00+00:00,104.0,52.0,2.0
2021 Jan,Google Light Pen Green,2020-12-31 16:00:00+00:00,56.0,28.0,2.0
2021 Jan,Google Light Pen Red,2020-12-31 16:00:00+00:00,72.0,36.0,2.0
2021 Jan,Google Light Pen Yellow,2020-12-31 16:00:00+00:00,2.0,1.0,2.0
2021 Jan,Google LoveHandle Black,2020-12-31 16:00:00+00:00,44.0,5.0,8.8
2021 Jan,Google Magnet,2020-12-31 16:00:00+00:00,180.0,28.0,6.428571428571429
2021 Jan,Google Maps Pin,2020-12-31 16:00:00+00:00,38.0,6.0,6.333333333333333
2021 Jan,Google Medium Pet Collar (Blue/Green),2020-12-31 16:00:00+00:00,28.0,1.0,28.0
2021 Jan,Google Medium Pet Collar (Red/Yellow),2020-12-31 16:00:00+00:00,56.0,2.0,28.0
2021 Jan,Google Medium Pet Leash (Blue/Green),2020-12-31 16:00:00+00:00,56.0,2.0,28.0
2021 Jan,Google Medium Pet Leash (Red/Yellow),2020-12-31 16:00:00+00:00,56.0,2.0,28.0
2021 Jan,Google Men's Puff Jacket Black,2020-12-31 16:00:00+00:00,598.0,6.0,99.66666666666667
2021 Jan,Google Men's Softshell Moss,2020-12-31 16:00:00+00:00,573.0,7.0,81.85714285714286
2021 Jan,Google Men's Tech Fleece Grey,2020-12-31 16:00:00+00:00,1172.0,16.0,73.25
2021 Jan,Google Men's Tech Fleece Vest Charcoal,2020-12-31 16:00:00+00:00,489.0,7.0,69.85714285714286
2021 Jan,Google Mens Microfleece Jacket Black,2020-12-31 16:00:00+00:00,53.0,1.0,53.0
2021 Jan,Google Mesh Bag Blue,2020-12-31 16:00:00+00:00,26.0,5.0,5.2
2021 Jan,Google Mesh Bag Red,2020-12-31 16:00:00+00:00,5.0,1.0,5.0
2021 Jan,Google Metallic Notebook Set,2020-12-31 16:00:00+00:00,475.0,93.0,5.10752688172043
2021 Jan,Google Mini Kick Ball,2020-12-31 16:00:00+00:00,24.0,12.0,2.0
2021 Jan,Google Mountain View Campus Ladies Tee,2020-12-31 16:00:00+00:00,84.0,6.0,14.0
2021 Jan,Google Mountain View Campus Sticker,2020-12-31 16:00:00+00:00,25.0,25.0,1.0
2021 Jan,Google Mountain View Campus Unisex Tee,2020-12-31 16:00:00+00:00,42.0,3.0,14.0
2021 Jan,Google Mountain View Tee Red,2020-12-31 16:00:00+00:00,14.0,1.0,14.0
2021 Jan,Google Mouse Pad Navy,2020-12-31 16:00:00+00:00,8.0,2.0,4.0
2021 Jan,Google Mural Bottle,2020-12-31 16:00:00+00:00,309.0,16.0,19.3125
2021 Jan,Google Mural Mug,2020-12-31 16:00:00+00:00,160.0,11.0,14.545454545454545
2021 Jan,Google Mural Notebook,2020-12-31 16:00:00+00:00,30.0,2.0,15.0
2021 Jan,Google Mural Sticker Sheet,2020-12-31 16:00:00+00:00,35.0,17.0,2.0588235294117645
2021 Jan,Google Mural Sticky Note Pad,2020-12-31 16:00:00+00:00,135.0,12.0,11.25
2021 Jan,Google Mural Tote,2020-12-31 16:00:00+00:00,78.0,5.0,15.6
2021 Jan,Google NYC Campus Bottle,2020-12-31 16:00:00+00:00,69.0,6.0,11.5
2021 Jan,Google NYC Campus Ladies Tee,2020-12-31 16:00:00+00:00,84.0,6.0,14.0
2021 Jan,Google NYC Campus Lapel Pin,2020-12-31 16:00:00+00:00,21.0,7.0,3.0
2021 Jan,Google NYC Campus Mug,2020-12-31 16:00:00+00:00,84.0,12.0,7.0
2021 Jan,Google NYC Campus Sticker,2020-12-31 16:00:00+00:00,1.0,1.0,1.0
2021 Jan,Google NYC Campus Unisex Tee,2020-12-31 16:00:00+00:00,56.0,4.0,14.0
2021 Jan,Google NYC Campus Zip Hoodie,2020-12-31 16:00:00+00:00,242.0,7.0,34.57142857142857
2021 Jan,Google Navy Speckled Tee,2020-12-31 16:00:00+00:00,402.0,16.0,25.125
2021 Jan,Google PNW Campus Bottle,2020-12-31 16:00:00+00:00,11.0,1.0,11.0
2021 Jan,Google PNW Campus Ladies Tee,2020-12-31 16:00:00+00:00,28.0,2.0,14.0
2021 Jan,Google PNW Campus Lapel Pin,2020-12-31 16:00:00+00:00,3.0,1.0,3.0
2021 Jan,Google PNW Campus Mug,2020-12-31 16:00:00+00:00,85.0,12.0,7.083333333333333
2021 Jan,Google PNW Campus Sticker,2020-12-31 16:00:00+00:00,21.0,21.0,1.0
2021 Jan,Google PNW Campus Tote,2020-12-31 16:00:00+00:00,8.0,1.0,8.0
2021 Jan,Google PNW Campus Unisex Tee,2020-12-31 16:00:00+00:00,56.0,4.0,14.0
2021 Jan,Google PNW Campus Zip Hoodie,2020-12-31 16:00:00+00:00,64.0,2.0,32.0
2021 Jan,Google Packable Bag Black,2020-12-31 16:00:00+00:00,208.0,12.0,17.333333333333332
2021 Jan,Google Pen Bright Blue,2020-12-31 16:00:00+00:00,26.0,19.0,1.368421052631579
2021 Jan,Google Pen Citron,2020-12-31 16:00:00+00:00,23.0,23.0,1.0
2021 Jan,Google Pen Grass Green,2020-12-31 16:00:00+00:00,9.0,6.0,1.5
2021 Jan,Google Pen Grey,2020-12-31 16:00:00+00:00,26.0,14.0,1.8571428571428572
2021 Jan,Google Pen Lilac,2020-12-31 16:00:00+00:00,20.0,13.0,1.5384615384615385
2021 Jan,Google Pen Neon Coral,2020-12-31 16:00:00+00:00,11.0,8.0,1.375
2021 Jan,Google Pen Red,2020-12-31 16:00:00+00:00,8.0,6.0,1.3333333333333333
2021 Jan,Google Pen White,2020-12-31 16:00:00+00:00,109.0,89.0,1.2247191011235956
2021 Jan,Google Perk Thermal Tumbler,2020-12-31 16:00:00+00:00,96.0,6.0,16.0
2021 Jan,Google Phone Stand Bamboo,2020-12-31 16:00:00+00:00,135.0,32.0,4.21875
2021 Jan,Google Pride Sticker,2020-12-31 16:00:00+00:00,16.0,16.0,1.0
2021 Jan,Google Raincoat Navy,2020-12-31 16:00:00+00:00,288.0,3.0,96.0
2021 Jan,Google Recycled Notebook Set Natural,2020-12-31 16:00:00+00:00,13.0,1.0,13.0
2021 Jan,Google Recycled Pen Black,2020-12-31 16:00:00+00:00,26.0,13.0,2.0
2021 Jan,Google Recycled Pen Green,2020-12-31 16:00:00+00:00,8.0,4.0,2.0
2021 Jan,Google Recycled Writing Set,2020-12-31 16:00:00+00:00,91.0,27.0,3.3703703703703702
2021 Jan,Google Red Speckled Tee,2020-12-31 16:00:00+00:00,516.0,21.0,24.571428571428573
2021 Jan,Google SF Campus Bottle,2020-12-31 16:00:00+00:00,97.0,8.0,12.125
2021 Jan,Google SF Campus Ladies Tee,2020-12-31 16:00:00+00:00,28.0,2.0,14.0
2021 Jan,Google SF Campus Tote,2020-12-31 16:00:00+00:00,30.0,5.0,6.0
2021 Jan,Google SF Campus Unisex Tee,2020-12-31 16:00:00+00:00,28.0,2.0,14.0
2021 Jan,Google SF Campus Zip Hoodie,2020-12-31 16:00:00+00:00,64.0,2.0,32.0
2021 Jan,Google Seaport Tote,2020-12-31 16:00:00+00:00,48.0,1.0,48.0
2021 Jan,Google Seattle Campus Ladies Tee,2020-12-31 16:00:00+00:00,28.0,2.0,14.0
2021 Jan,Google Seattle Campus Lapel Pin,2020-12-31 16:00:00+00:00,4.0,1.0,4.0
2021 Jan,Google Seattle Campus Mug,2020-12-31 16:00:00+00:00,100.0,14.0,7.142857142857143
2021 Jan,Google Seattle Campus Sticker,2020-12-31 16:00:00+00:00,14.0,14.0,1.0
2021 Jan,Google Seattle Campus Unisex Tee,2020-12-31 16:00:00+00:00,28.0,2.0,14.0
2021 Jan,Google See-No Hear-No Set,2020-12-31 16:00:00+00:00,160.0,16.0,10.0
2021 Jan,Google Separating Keyring,2020-12-31 16:00:00+00:00,6.0,1.0,6.0
2021 Jan,Google Sherpa Vest Black,2020-12-31 16:00:00+00:00,457.0,7.0,65.28571428571429
2021 Jan,Google Sherpa Zip Hoodie Charcoal,2020-12-31 16:00:00+00:00,2544.0,46.0,55.30434782608695
2021 Jan,Google Sherpa Zip Hoodie Navy,2020-12-31 16:00:00+00:00,2064.0,36.0,57.333333333333336
2021 Jan,Google Small Cable Organizer Blue,2020-12-31 16:00:00+00:00,28.0,11.0,2.5454545454545454
2021 Jan,Google Small Standard Journal Navy,2020-12-31 16:00:00+00:00,451.0,69.0,6.536231884057971
2021 Jan,Google Small White Gift Bag 5/PK,2020-12-31 16:00:00+00:00,12.0,2.0,6.0
2021 Jan,Google Soft Modal Scarf,2020-12-31 16:00:00+00:00,180.0,5.0,36.0
2021 Jan,Google Speckled Beanie Grey,2020-12-31 16:00:00+00:00,112.0,7.0,16.0
2021 Jan,Google Speckled Beanie Navy,2020-12-31 16:00:00+00:00,172.0,10.0,17.2
2021 Jan,Google Split Seam Tee Olive,2020-12-31 16:00:00+00:00,640.0,30.0,21.333333333333332
2021 Jan,Google Striped Penny Pouch,2020-12-31 16:00:00+00:00,83.0,35.0,2.3714285714285714
2021 Jan,Google Summer19 Crew Grey,2020-12-31 16:00:00+00:00,70.0,2.0,35.0
2021 Jan,Google Sunglasses,2020-12-31 16:00:00+00:00,85.0,25.0,3.4
2021 Jan,Google Sunnyvale Campus Ladies Tee,2020-12-31 16:00:00+00:00,28.0,2.0,14.0
2021 Jan,Google Sunnyvale Campus Sticker,2020-12-31 16:00:00+00:00,25.0,25.0,1.0
2021 Jan,Google Sunnyvale Campus Unisex Tee,2020-12-31 16:00:00+00:00,14.0,1.0,14.0
2021 Jan,Google Sunnyvale Campus Zip Hoodie,2020-12-31 16:00:00+00:00,32.0,1.0,32.0
2021 Jan,Google Super G Tumbler (Red Lid),2020-12-31 16:00:00+00:00,110.0,5.0,22.0
2021 Jan,Google Sustainable Pencil Pouch,2020-12-31 16:00:00+00:00,16.0,2.0,8.0
2021 Jan,Google Tech Taco,2020-12-31 16:00:00+00:00,21.0,7.0,3.0
2021 Jan,Google Tee Blue,2020-12-31 16:00:00+00:00,56.0,6.0,9.333333333333334
2021 Jan,Google Tee F/C Black,2020-12-31 16:00:00+00:00,12.0,1.0,12.0
2021 Jan,Google Tee Green,2020-12-31 16:00:00+00:00,36.0,4.0,9.0
2021 Jan,Google Tee Grey,2020-12-31 16:00:00+00:00,18.0,2.0,9.0
2021 Jan,Google Tee Red,2020-12-31 16:00:00+00:00,47.0,5.0,9.4
2021 Jan,Google Tee Yellow,2020-12-31 16:00:00+00:00,49.0,5.0,9.8
2021 Jan,Google Thermal Tumbler Navy,2020-12-31 16:00:00+00:00,256.0,18.0,14.222222222222221
2021 Jan,Google Toddler FC Tee Charcoal,2020-12-31 16:00:00+00:00,185.0,9.0,20.555555555555557
2021 Jan,Google Toddler FC Zip Hoodie,2020-12-31 16:00:00+00:00,343.0,12.0,28.583333333333332
2021 Jan,Google Toddler Hero Tee Olive,2020-12-31 16:00:00+00:00,19.0,1.0,19.0
2021 Jan,Google Toddler Tee White,2020-12-31 16:00:00+00:00,100.0,5.0,20.0
2021 Jan,Google Tudes Recycled Tee,2020-12-31 16:00:00+00:00,246.0,10.0,24.6
2021 Jan,Google Twill Cap Charcoal,2020-12-31 16:00:00+00:00,422.0,38.0,11.105263157894736
2021 Jan,Google Unisex Eco Tee Black,2020-12-31 16:00:00+00:00,670.0,35.0,19.142857142857142
2021 Jan,Google Utensil Set,2020-12-31 16:00:00+00:00,60.0,4.0,15.0
2021 Jan,Google Utility BackPack,2020-12-31 16:00:00+00:00,408.0,4.0,102.0
2021 Jan,Google Utility Bag Grey,2020-12-31 16:00:00+00:00,75.0,12.0,6.25
2021 Jan,Google Women's Black Tee,2020-12-31 16:00:00+00:00,60.0,4.0,15.0
2021 Jan,Google Women's Discovery Lt. Rain Shell,2020-12-31 16:00:00+00:00,98.0,2.0,49.0
2021 Jan,Google Women's Eco Tee Black,2020-12-31 16:00:00+00:00,36.0,2.0,18.0
2021 Jan,Google Women's Grid Zip-Up,2020-12-31 16:00:00+00:00,200.0,4.0,50.0
2021 Jan,Google Women's Microfleece Jacket Black,2020-12-31 16:00:00+00:00,390.0,6.0,65.0
2021 Jan,Google Women's Puff Jacket Black,2020-12-31 16:00:00+00:00,460.0,5.0,92.0
2021 Jan,Google Women's Ringer Tee,2020-12-31 16:00:00+00:00,14.0,1.0,14.0
2021 Jan,Google Women's Softshell Moss,2020-12-31 16:00:00+00:00,79.0,1.0,79.0
2021 Jan,Google Women's Tech Fleece Grey,2020-12-31 16:00:00+00:00,213.0,3.0,71.0
2021 Jan,Google Women's Tech Fleece Vest Charcoal,2020-12-31 16:00:00+00:00,572.0,13.0,44.0
2021 Jan,Google Woodtop Bottle Black,2020-12-31 16:00:00+00:00,120.0,5.0,24.0
2021 Jan,Google Yellow YoYo,2020-12-31 16:00:00+00:00,22.0,7.0,3.142857142857143
2021 Jan,Google Youth Badge Tee Navy,2020-12-31 16:00:00+00:00,13.0,1.0,13.0
2021 Jan,Google Youth Badge Tee Olive,2020-12-31 16:00:00+00:00,117.0,9.0,13.0
2021 Jan,Google Youth F/C Pullover Hoodie,2020-12-31 16:00:00+00:00,64.0,2.0,32.0
2021 Jan,Google Youth FC Longsleeve Charcoal,2020-12-31 16:00:00+00:00,48.0,2.0,24.0
2021 Jan,Google Youth FC Tee Charcoal,2020-12-31 16:00:00+00:00,120.0,6.0,20.0
2021 Jan,Google Youth FC Zip Hoodie,2020-12-31 16:00:00+00:00,252.0,7.0,36.0
2021 Jan,Google Youth Hero Tee Grey,2020-12-31 16:00:00+00:00,76.0,4.0,19.0
2021 Jan,Google Youth Hero Tee Maroon,2020-12-31 16:00:00+00:00,57.0,3.0,19.0
2021 Jan,Google Zip Hoodie F/C,2020-12-31 16:00:00+00:00,1632.0,33.0,49.45454545454545
2021 Jan,Keyboard DOT Sticker,2020-12-31 16:00:00+00:00,50.0,25.0,2.0
2021 Jan,Mommy Works at Google Book,2020-12-31 16:00:00+00:00,112.0,7.0,16.0
2021 Jan,Noogler Android Figure,2020-12-31 16:00:00+00:00,376.0,28.0,13.428571428571429
2021 Jan,Snowflake Android Cardboard Sculpture,2020-12-31 16:00:00+00:00,16.0,2.0,8.0
2021 Jan,Stainless Bent Straw/Cleaner,2020-12-31 16:00:00+00:00,42.0,21.0,2.0
2021 Jan,Stainless Straight Straw/Cleaner,2020-12-31 16:00:00+00:00,39.0,13.0,3.0
2021 Jan,Stan and Friends Onesie Green,2020-12-31 16:00:00+00:00,126.0,9.0,14.0
2021 Jan,Stan and Friends Tee Green,2020-12-31 16:00:00+00:00,296.0,20.0,14.8
2021 Jan,Stan and Friends Toddler Tee Green,2020-12-31 16:00:00+00:00,98.0,7.0,14.0
2021 Jan,Stan and Friends Youth Tee Green,2020-12-31 16:00:00+00:00,14.0,1.0,14.0
2021 Jan,Super G Unisex Joggers,2020-12-31 16:00:00+00:00,702.0,22.0,31.90909090909091
2021 Jan,Supernatural Paper Backpack,2020-12-31 16:00:00+00:00,46.0,1.0,46.0
2021 Jan,Supernatural Paper Lunch Sack,2020-12-31 16:00:00+00:00,95.0,5.0,19.0
2021 Jan,Unisex Google Pocket Tee Grey,2020-12-31 16:00:00+00:00,112.0,7.0,16.0
2021 Jan,White Google Shoreline Bottle,2020-12-31 16:00:00+00:00,603.0,28.0,21.535714285714285
2021 Jan,Womens Google Striped LS,2020-12-31 16:00:00+00:00,256.0,16.0,16.0
2021 Jan,YouTube 25 oz Gear Cap Bottle Black,2020-12-31 16:00:00+00:00,49.0,2.0,24.5
2021 Jan,YouTube Icon Tee Charcoal,2020-12-31 16:00:00+00:00,236.0,12.0,19.666666666666668
2021 Jan,YouTube Icon Tee Grey,2020-12-31 16:00:00+00:00,120.0,6.0,20.0
2021 Jan,YouTube Iconic Play Pin,2020-12-31 16:00:00+00:00,26.0,4.0,6.5
2021 Jan,YouTube Leather Strap Hat Black,2020-12-31 16:00:00+00:00,86.0,8.0,10.75
2021 Jan,YouTube Small Sticker Sheet,2020-12-31 16:00:00+00:00,43.0,21.0,2.0476190476190474
2021 Jan,YouTube Standards Zip Hoodie Black,2020-12-31 16:00:00+00:00,144.0,3.0,48.0
2021 Jan,YouTube Twill Sandwich Cap Black,2020-12-31 16:00:00+00:00,145.0,13.0,11.153846153846153
2021 Jan,Youth Jumbo Print Tee White,2020-12-31 16:00:00+00:00,54.0,3.0,18.0
